sw_id,字头,扫描文件,PDF页码_从1开始,核查记录状态,扫描所见片段或备注,电子文本说解
5,吏,ho04_00029_0001.pdf,15,visually_checked,扫描页已目验；该条未另存文字摘录。,治人者也。从一从史，史亦聲。
12,禮,ho04_00029_0001.pdf,15,visually_checked,扫描页已目验；该条未另存文字摘录。,履也。所以事神致福也。从示从豊，豊亦聲。
39,祏,ho04_00029_0001.pdf,17,visually_checked,扫描页已目验；该条未另存文字摘录。,宗廟主也。《周禮》有郊、宗、石室。一曰大夫以石爲主。从示从石，石亦聲。
54,禬,ho04_00029_0001.pdf,18,visually_checked,扫描页已目验；该条未另存文字摘录。,會福祭也。从示从會，會亦聲。《周禮》曰：“禬之祝號。”
111,琥,ho04_00029_0001.pdf,22,visually_checked,扫描页已目验；该条未另存文字摘录。,發兵瑞玉，爲虎文。从玉从虎，虎亦聲。《春秋傳》曰：“賜子家雙琥。”
112,瓏,ho04_00029_0001.pdf,22,visually_checked,扫描页已目验；该条未另存文字摘录。,禱旱玉。龍文。从玉从龍，龍亦聲。
120,瑁,ho04_00029_0001.pdf,23,visually_checked,扫描页已目验；该条未另存文字摘录。,諸侯執圭朝天子，天子執玉以冒之，似犂冠。《周禮》曰：“天子執瑁四寸。”从玉、冒，冒亦聲。
125,珥,ho04_00029_0001.pdf,23,visually_checked,扫描页已目验；该条未另存文字摘录。,瑱也。从玉、耳，耳亦聲。
203,琀,ho04_00029_0001.pdf,28,visually_checked,扫描页已目验；该条未另存文字摘录。,送死口中玉也。从玉从含，含亦聲。
232,𣃘,ho04_00029_0001.pdf,30,visually_checked,扫描页已目验；该条未另存文字摘录。,旌旗杠皃。从丨从㫃，㫃亦聲。
237,㞣,ho04_00029_0001.pdf,32,visually_checked,扫描页已目验；该条未另存文字摘录。,艸初生，其香分布。从屮从分，分亦聲。
568,䒹,ho04_00029_0001.pdf,49,visually_checked,扫描页已目验；该条未另存文字摘录。,耕多艸。从艸、耒，耒亦聲。
702,莽,ho04_00029_0001.pdf,57,visually_checked,扫描页已目验；该条未另存文字摘录。,南昌謂犬善逐菟艸中爲莽。从犬从茻，茻亦聲。
715,𠔁,ho04_00029_0002.pdf,4,visually_checked,扫描页已目验；该条未另存文字摘录。,分也。从重八。八，別也。亦聲。《孝經說》曰：“故上下有別。”
717,必,ho04_00029_0002.pdf,4,visually_checked,扫描页已目验；该条未另存文字摘录。,分極也。从八、弋，弋亦聲。
725,胖,ho04_00029_0002.pdf,5,visually_checked,扫描页已目验；该条未另存文字摘录。,半體肉也。一曰廣肉。从半从肉，半亦聲。
735,牭,ho04_00029_0002.pdf,5,visually_checked,扫描页已目验；该条未另存文字摘录。,四歲牛。从牛从四，四亦聲。
757,犓,ho04_00029_0002.pdf,7,visually_checked,扫描页已目验；该条未另存文字摘录。,以芻莖養牛也。从牛、芻，芻亦聲。《春秋國語》曰：“犓豢幾何。”
765,㹂,ho04_00029_0002.pdf,7,visually_checked,扫描页已目验；该条未另存文字摘录。,牛很不從引也。从牛从臤，臤亦聲。一曰大皃。讀若賢。
974,單,ho04_00029_0002.pdf,18,visually_checked,扫描页已目验；该条未另存文字摘录。,大也。从吅、红，吅亦聲。闕。
977,喪,ho04_00029_0002.pdf,19,visually_checked,扫描页已目验；该条未另存文字摘录。,亾也。从哭从亾。會意。亾亦聲。
1130,遌,ho04_00029_0002.pdf,28,visually_checked,扫描页已目验；该条未另存文字摘录。,相遇驚也。从辵从㖾，㖾亦聲。
1140,返,ho04_00029_0002.pdf,28,visually_checked,扫描页已目验；该条未另存文字摘录。,還也。从辵从反，反亦聲。《商書》曰：“祖甲返。”
1142,選,ho04_00029_0002.pdf,29,visually_checked,扫描页已目验；该条未另存文字摘录。,遣也。从辵、巽，巽遣之；巽亦聲。一曰選，擇也。
1226,𢔟,ho04_00029_0002.pdf,33,visually_checked,扫描页已目验；该条未另存文字摘录。,復也。从彳从柔，柔亦聲。
1313,齨,ho04_00029_0002.pdf,38,visually_checked,扫描页已目验；该条未另存文字摘录。,老人齒如臼也。一曰馬八歲齒臼也。从齒从臼，臼亦聲。
1318,䶤,ho04_00029_0002.pdf,38,visually_checked,扫描页已目验；该条未另存文字摘录。,齧骨聲。从齒从骨，骨亦聲。
1323,𤘌,ho04_00029_0002.pdf,39,visually_checked,扫描页已目验；该条未另存文字摘录。,武牙也。从牙从奇，奇亦聲。
1418,𤴙,ho04_00029_0002.pdf,44,visually_checked,扫描页已目验；该条未另存文字摘录。,門戶疏䆫也。从疋，疋亦聲。囪象𤴙形。讀若疏。
1419,𤕟,ho04_00029_0002.pdf,44,visually_checked,扫描页已目验；该条未另存文字摘录。,通也。从爻从疋，疋亦聲。
1437,舌,ho04_00029_0002.pdf,47,match,字头、在口所以言也別味也、干亦聲均见。,在口，所以言也、別味也。从干从口，干亦聲。凡舌之屬皆从舌。
1451,拘,ho04_00029_0002.pdf,48,match,止也；句亦聲。,止也。从句从手，句亦聲。
1452,笱,ho04_00029_0002.pdf,48,match,曲竹捕魚笱也；句亦聲。,曲竹捕魚笱也。从竹从句，句亦聲。
1453,鉤,ho04_00029_0002.pdf,48,match,曲也；句亦聲。,曲也。从金从句，句亦聲。
1455,𦱠,ho04_00029_0002.pdf,48,match,艸之相丩者；丩亦聲。,艸之相丩者。从茻从丩，丩亦聲。
1477,詵,ho04_00029_0002.pdf,50,match,致言也；先亦聲；螽斯羽詵詵兮引文。,致言也。从言从先，先亦聲。《詩》曰：“螽斯羽詵詵兮。”
1526,詔,ho04_00029_0002.pdf,52,match,告也；召亦聲。,告也。从言从召，召亦聲。
1550,警,ho04_00029_0002.pdf,54,match,戒也；敬亦聲。,戒也。从言从敬，敬亦聲。
1553,𧧼,ho04_00029_0002.pdf,54,match,人所宜也；宜亦聲。,人所宜也。从言从宜，宜亦聲。
1633,𧥣,ho04_00029_0002.pdf,58,match,扣也，如求婦先𧥣叕之；口亦聲。,扣也。如求婦先𧥣叕之。从言从口，口亦聲。
1745,菐,ho04_00029_0002.pdf,65,match,瀆菐也；廾亦聲。,瀆菐也。从丵从廾，廾亦聲。凡菐之屬皆从菐。
1746,僕,ho04_00029_0002.pdf,65,match,給事者；菐亦聲。,給事者。从人从菐，菐亦聲。
1747,𠔯,ho04_00029_0002.pdf,65,match,賦事也；八分之也，八亦聲。,賦事也。从菐从八。八，分之也。八亦聲。讀若頒。一曰讀若非。
1766,樊,ho04_00029_0002.pdf,66,match,鷙不行也；棥亦聲。,鷙不行也。从𠬜从棥，棥亦聲。
1778,䢅,ho04_00029_0002.pdf,67,match,早昧爽也；辰亦聲。,早昧爽也。从𦥑从辰。辰，時也。辰亦聲。𠃨夕爲𡖊，臼辰爲䢅，皆同意。凡䢅之屬皆从䢅。
1782,釁,ho04_00029_0002.pdf,68,match,血祭也；分亦聲。,血祭也。象祭竈也。从爨省，从酉。酉，所以祭也。从分，分亦聲。
1789,鞣,ho04_00029_0002.pdf,70,match,耎也；柔亦聲。,耎也。从革从柔，柔亦聲。
1798,䩡,ho04_00029_0002.pdf,70,match,鞮䩡沙也；夾亦聲。,鞮䩡沙也。从革从夾，夾亦聲。
1915,𠭥,ho04_00029_0002.pdf,77,match,楚人謂卜問吉凶曰𠭥；祟亦聲。,楚人謂卜問吉凶曰𠭥。从又持祟，祟亦聲。讀若贅。
1995,整,ho04_00029_0002.pdf,84,match,齊也；正亦聲。,齊也。从攴从束从正，正亦聲。
1998,政,ho04_00029_0002.pdf,84,match,正也；正亦聲。,正也。从攴从正，正亦聲。
2019,㪉,ho04_00029_0002.pdf,85,match,合會也；合亦聲。,合會也。从攴从合，合亦聲。
2029,敡,ho04_00029_0002.pdf,86,match,侮也；易亦聲。,侮也。从攴从易，易亦聲。
2032,𣀆,ho04_00029_0002.pdf,86,match,朋侵也；羣亦聲。,朋侵也。从攴从羣，羣亦聲。
2034,𢿳,ho04_00029_0002.pdf,86,match,煩也；𤔔亦聲。,煩也。从攴从𤔔，𤔔亦聲。
2041,鼓,ho04_00029_0002.pdf,86,match,擊鼓也；壴亦聲。,擊鼓也。从攴从壴，壴亦聲。
2075,甫,ho04_00029_0002.pdf,88,match,男子美稱也；父亦聲。,男子美稱也。从用、父，父亦聲。
2125,𢌨,ho04_00029_0003.pdf,6,match,相顧視而行也；㢟亦聲。,相顧視而行也。从目从㢟，㢟亦聲。
2185,眇,ho04_00029_0003.pdf,9,match,一目小也；少亦聲。,一目小也。从目从少，少亦聲。
2225,齅,ho04_00029_0003.pdf,11,match,以鼻就臭也；臭亦聲。,以鼻就臭也。从鼻从臭，臭亦聲。讀若畜牲之畜。
2321,𤊾,ho04_00029_0003.pdf,18,match,火不明也；𥄕亦聲。,火不明也。从𥄕从火，𥄕亦聲。《周書》曰：“布重𤊾席。”織蒻席也。讀與蔑同。
2351,瞿,ho04_00029_0003.pdf,20,match,鷹隼之視也；䀠亦聲。,鷹隼之視也。从隹从䀠，䀠亦聲。凡瞿之屬皆从瞿。讀若章句之句。
2501,舒,ho04_00029_0003.pdf,31,match,伸也；予亦聲。,伸也。从舍从予，予亦聲。一曰舒，緩也。
2694,腥,ho04_00029_0003.pdf,42,match,星見食豕，令肉中生小息肉也；星亦聲。,星見食豕，令肉中生小息肉也。从肉从星，星亦聲。
2768,劃,ho04_00029_0003.pdf,46,match,錐刀曰劃；畫亦聲。,錐刀曰劃。从刀从畫，畫亦聲。
2794,刺,ho04_00029_0003.pdf,48,match,君殺大夫曰刺，刺直傷也；从刀从朿，朿亦聲,君殺大夫曰刺。刺，直傷也。从刀从朿，朿亦聲。
2984,筑,ho04_00029_0003.pdf,60,match,以竹曲五弦之樂也；竹亦聲,以竹曲五弦之樂也。从竹从𢀜。𢀜，持之也。竹亦聲。
2989,簺,ho04_00029_0003.pdf,60,match,行棊相塞謂之簺；塞亦聲,行棊相塞謂之簺。从竹从塞，塞亦聲。
3006,䢋,ho04_00029_0003.pdf,61,match,古之遒人以木鐸記詩言；丌亦聲,古之遒人，以木鐸記詩言。从辵从丌，丌亦聲。讀與記同。
3024,𤯌,ho04_00029_0003.pdf,63,match,和也；从甘从麻，麻調也，甘亦聲,和也。从甘从麻。麻，調也。甘亦聲。讀若函。
3028,𣆑,ho04_00029_0003.pdf,63,match,告也；从曰从冊，冊亦聲,告也。从曰从冊，冊亦聲。
3041,可,ho04_00029_0003.pdf,64,match,𦘫也；从口丂，丂亦聲,𦘫也。从口丂，丂亦聲。凡可之屬皆从可。
3055,𠮱,ho04_00029_0003.pdf,65,match,驚語也；从口从亏，亏亦聲,驚語也。从口从亏，亏亦聲。
3060,憙,ho04_00029_0003.pdf,66,match,說也；从心从喜，喜亦聲,說也。从心从喜，喜亦聲。
3078,愷,ho04_00029_0003.pdf,67,match,康也；从心豈，豈亦聲,康也。从心、豈，豈亦聲。
3092,𧈚,ho04_00029_0003.pdf,68,match,器也；从䖒、㿾，㿾亦聲；闕,器也。从䖒、㿾，㿾亦聲。闕。
3168,主,ho04_00029_0003.pdf,73,match,鐙中火主也；从丶，丶亦聲,鐙中火主也。从纹，象形。从丶，丶亦聲。
3169,咅,ho04_00029_0003.pdf,73,match,相與語唾而不受也；从丶从否，否亦聲,相與語，唾而不受也。从丶从否，否亦聲。
3177,阱,ho04_00029_0003.pdf,75,match,陷也；从阜从井，井亦聲,陷也。从𨸏从井，井亦聲。
3178,㓝,ho04_00029_0003.pdf,75,match,罰辠也；从井从刀，井亦聲,罰辠也。从井从刀。《易》曰：“井，法也。”井亦聲。
3218,饗,ho04_00029_0003.pdf,78,match,鄉人飲酒也；从食从鄉，鄉亦聲,鄉人飲酒也。从食从鄉，鄉亦聲。
3246,餽,ho04_00029_0003.pdf,79,match,吳人謂祭曰餽；从食从鬼，鬼亦聲,吳人謂祭曰餽。从食从鬼，鬼亦聲。
3261,䢈,ho04_00029_0003.pdf,80,variant,電子作「日月合宿从辰」；印本清楚作「日月合宿爲辰」，其後「从會从辰辰亦聲」一致。,日月合宿从辰。从會从辰，辰亦聲。
3365,舜,ho04_00029_0003.pdf,88,match,艸也；楚謂之葍，秦謂之藑；从舛，舛亦聲；續頁見89,艸也。楚謂之葍，秦謂之藑。蔓地連華。象形。从舛，舛亦聲。凡䑞之屬皆从䑞。(今隸變作舜。)
3652,柵,ho04_00029_0004.pdf,17,match,柵：編樹木也；从木从冊，冊亦聲。,編樹木也。从木从冊，冊亦聲。
3786,枰,ho04_00029_0004.pdf,24,match,枰：平也；从木从平，平亦聲。,平也。从木从平，平亦聲。
3802,杽,ho04_00029_0004.pdf,25,match,杽：械也；从木从手，手亦聲。,械也。从木从手，手亦聲。
3850,糶,ho04_00029_0004.pdf,29,match,糶：出穀也；从出从䊮，䊮亦聲。,出穀也。从出从䊮，䊮亦聲。
8024,㩓,ho04_00029_0007.pdf,24,match,傷擊也；从手毀，毀亦聲（刻本毀字形）,傷擊也。从手、毀，毀亦聲。
8042,拲,ho04_00029_0007.pdf,25,match,兩手同械也；从手从共，共亦聲,兩手同械也。从手从共，共亦聲。《周禮》：“上辠，梏拲而桎。”
8070,姓,ho04_00029_0007.pdf,28,match,黃帝居姬水以爲姓；从女从生，生亦聲,人所生也。古之神聖母，感天而生子，故稱天子。从女从生，生亦聲。《春秋傳》曰：“天子因生以賜姓。”
8086,娶,ho04_00029_0007.pdf,29,match,取婦也；从女从取，取亦聲,取婦也。从女从取，取亦聲。
8087,婚,ho04_00029_0007.pdf,29,match,婦家也；从女从昏，昏亦聲,婦家也。《禮》：娶婦以昏時，婦人陰也，故曰婚。从女从昏，昏亦聲。
8088,姻,ho04_00029_0007.pdf,29,match,壻家也；从女从因，因亦聲,壻家也。女之所因，故曰姻。从女从因，因亦聲。
8093,妊,ho04_00029_0007.pdf,30,match,孕也；从女从壬，壬亦聲,孕也。从女从壬，壬亦聲。
8109,娣,ho04_00029_0007.pdf,31,match,女弟也；从女从弟，弟亦聲,女弟也。从女从弟，弟亦聲。
8120,婢,ho04_00029_0007.pdf,31,match,女之卑者也；从女从卑，卑亦聲,女之卑者也。从女从卑，卑亦聲。
8145,媄,ho04_00029_0007.pdf,33,match,色好也；从女从美，美亦聲,色好也。从女从美，美亦聲。
8298,奸,ho04_00029_0007.pdf,41,match,犯婬也；从女从干，干亦聲,犯婬也。从女从干，干亦聲。
8381,匹,ho04_00029_0007.pdf,47,match,四丈也；从八从匸，八亦聲,四丈也。从八、匸。八揲一匹，八亦聲。
8567,䋛,ho04_00029_0007.pdf,59,match,繡文如聚細米也；从糸从米，米亦聲,繡文如聚細米也。从糸从米，米亦聲。
8710,緉,ho04_00029_0007.pdf,67,match,履兩枚也；从糸从兩，兩亦聲,履兩枚也。一曰絞也。从糸从兩，兩亦聲。
8763,螟,ho04_00029_0007.pdf,70,match,蟲食穀葉者；从虫从冥，冥亦聲,蟲食穀葉者。吏冥冥犯法卽生螟。从虫从冥，冥亦聲。
8764,蟘,ho04_00029_0007.pdf,71,match,蟲食苗葉者；从虫从貸，貸亦聲,蟲，食苗葉者。吏乞貸則生蟘。从虫从貸，貸亦聲。《詩》曰：“去其螟蟘。”
