sw_id,char,daxu_gloss,daxu_yisheng,xiaoxu_yisheng,xiaoxu_phonetic,xiaoxu_text,match_score,match_conf,agreement
5,吏,治人者也。从一从史，史亦聲。,True,,,萬物者也从示申聲,0.44,low,not_aligned
12,禮,履也。所以事神致福也。从示从豊，豊亦聲。,True,,,言拂也甫勿反求福也从示斤聲,0.43,low,not_aligned
39,祏,宗廟主也。《周禮》有郊、宗、石室。一曰大夫以石爲主。从示从石，石亦聲。,True,True,石,宗廟主也周禮有郊宗石室一曰大夫以石爲主从示石石亦聲,0.98,high,both
54,禬,會福祭也。从示从會，會亦聲。《周禮》曰：“禬之祝號。”,True,,,之而章反㑹福祭也从示㑹聲周禮禬之祝號古最反祭天也从示單聲時絹,0.51,low,not_aligned
111,琥,發兵瑞玉，爲虎文。从玉从虎，虎亦聲。《春秋傳》曰：“賜子家雙琥。”,True,,,璙亦羙玉也黎彫反玉也从玉雚聲春秋傳曰瓘斚,0.38,low,not_aligned
112,瓏,禱旱玉。龍文。从玉从龍，龍亦聲。,True,False,,禱旱玉龍文从玉龍聲,0.9,high,daxu_only
120,瑁,諸侯執圭朝天子，天子執玉以冒之，似犂冠。《周禮》曰：“天子執瑁四寸。”从玉、冒，冒亦聲。,True,,,國傳故之也子好反垂玉也冕飾从玉流聲,0.21,low,not_aligned
125,珥,瑱也。从玉、耳，耳亦聲。,True,True,耳,瑱也从玉耳耳亦聲,1.0,high,both
203,琀,送死口中玉也。从玉从含，含亦聲。,True,,,石似玉也玉也从玉求聲,0.45,low,not_aligned
232,𣃘,旌旗杠皃。从丨从㫃，㫃亦聲。,True,True,㫃,旌旗杠皃从丨㫃亦聲,0.89,high,both
237,㞣,艸初生，其香分布。从屮从分，分亦聲。,True,True,分,艸𥘉生其香分布从□分分亦聲,0.8,high,both
568,䒹,耕多艸。从艸、耒，耒亦聲。,True,,,履中艸从艸且聲,0.53,low,not_aligned
701,莫,日且冥也。从日在茻中。,False,True,茻,日且冥也从日在茻中茻亦聲,0.9,high,xiaoxu_only
702,莽,南昌謂犬善逐菟艸中爲莽。从犬从茻，茻亦聲。,True,True,茻,南昌謂犬善逐兎艸中為莽从犬从茻茻亦聲,0.88,high,both
703,葬,藏也。从死在茻中；一其中，所以薦之。《易》曰：“古之葬者，厚衣之以薪。”,False,True,茻,藏也从死在茻中一其中所以薦之易曰古之葬者厚衣之以薪茻亦聲,0.96,high,xiaoxu_only
715,𠔁,分也。从重八。八，別也。亦聲。《孝經說》曰：“故上下有別。”,True,,,分也从重八八别也亦聲孝經說曰故上下有别臣諧曰分之甚明也或本音兆,0.67,medium,not_aligned
717,必,分極也。从八、弋，弋亦聲。,True,False,,分極也从八弋聲,0.93,high,daxu_only
725,胖,半體肉也。一曰廣肉。从半从肉，半亦聲。,True,True,半,半體肉一曰廣肉从肉从半半亦聲,0.81,high,both
735,牭,四歲牛。从牛从四，四亦聲。,True,,,二歲牛从牛市聲,0.62,low,not_aligned
757,犓,以芻莖養牛也。从牛、芻，芻亦聲。《春秋國語》曰：“犓豢幾何。”,True,,,以芻莖飬牛也从牛芻芻亦聲春秋國語曰犓豢幾何阻虞反牛柔謹也从牛夒聲爾,0.73,medium,not_aligned
765,㹂,牛很不從引也。从牛从臤，臤亦聲。一曰大皃。讀若賢。,True,,,的米反牛踶也从牛衛聲于歳反牛狠不从引也从牛臤臤亦聲一曰大皃讀若賢,0.68,medium,not_aligned
973,咢,譁訟也。从吅屰聲。,False,True,屰,譁訟也从吅屰亦聲,1.0,high,xiaoxu_only
974,單,大也。从吅、红，吅亦聲。闕。,True,True,吅,大也从吅卑吅亦聲闕,0.88,high,both
977,喪,亾也。从哭从亾。會意。亾亦聲。,True,,,亡也从哭云聲,0.5,low,not_aligned
1033,䟑,趠䟑也。从走龠聲。,False,,,趠䟑也从走从□□亦聲,0.75,medium,not_aligned
1092,迹,步處也。从辵亦聲。,True,,,反近也从辵□聲,0.62,low,not_aligned
1130,遌,相遇驚也。从辵从㖾，㖾亦聲。,True,True,㖾,相遇驚也从辵㖾㖾亦聲,0.95,high,both
1140,返,還也。从辵从反，反亦聲。《商書》曰：“祖甲返。”,True,True,反,還也从辵反反亦聲啇書曰祖甲返,0.89,high,both
1142,選,遣也。从辵、巽，巽遣之；巽亦聲。一曰選，擇也。,True,True,巽,遣也从辵巽巽遣之巽亦聲一曰選擇也,1.0,high,both
1226,𢔟,復也。从彳从柔，柔亦聲。,True,True,柔,復也从彳柔柔亦聲,0.93,high,both
1313,齨,老人齒如臼也。一曰馬八歲齒臼也。从齒从臼，臼亦聲。,True,,,老人齒如□从齒□聲馬八歳齒□也,0.46,low,not_aligned
1318,䶤,齧骨聲。从齒从骨，骨亦聲。,True,,,齧骨聲从齒骨聲胡刮反噍聲从齒昏聲舌劼反噍堅也,0.45,low,not_aligned
1323,𤘌,武牙也。从牙从奇，奇亦聲。,True,,,武牙也从牙竒竒亦聲牽冝反齒蠧也从牙禹聲,0.52,low,not_aligned
1418,𤴙,門戶疏䆫也。从疋，疋亦聲。囪象𤴙形。讀若疏。,True,,,門户䟽窓也从疋囱囱象形讀若跙,0.53,low,not_aligned
1419,𤕟,通也。从爻从疋，疋亦聲。,True,,,通也从十專專布也亦聲,0.47,low,not_aligned
1437,舌,在口，所以言也、別味也。从干从口，干亦聲。凡舌之屬皆从舌。,True,,,,0,none,not_aligned
1451,拘,止也。从句从手，句亦聲。,True,True,句,止也从句手句亦聲,0.93,high,both
1452,笱,曲竹捕魚笱也。从竹从句，句亦聲。,True,True,句,曲竹捕魚笱从竹句句亦聲,0.91,high,both
1453,鉤,曲也。从金从句，句亦聲。,True,,,反曲也従金句句亦聲,0.75,medium,not_aligned
1455,𦱠,艸之相丩者。从茻从丩，丩亦聲。,True,True,丩,艸之相丩者从茻丩丩亦聲,0.95,high,both
1464,博,大通也。从十从尃。尃，布也。,False,,,大通也从十專專布也亦聲,0.7,medium,not_aligned
1477,詵,致言也。从言从先，先亦聲。《詩》曰：“螽斯羽詵詵兮。”,True,True,先,致言也从言先先亦聲詩曰螽斯羽詵詵兮,0.97,high,both
1526,詔,告也。从言从召，召亦聲。,True,,,告也从言俞聲,0.71,medium,not_aligned
1550,警,戒也。从言从敬，敬亦聲。,True,True,敬,戒也从言敬敬亦聲,0.93,high,both
1553,𧧼,人所宜也。从言从宜，宜亦聲。,True,,,人所冝也从言宜亦聲也,0.74,medium,not_aligned
1633,𧥣,扣也。如求婦先𧥣叕之。从言从口，口亦聲。,True,,,聲迂勸反知處告言之从言冋聲,0.29,low,not_aligned
1724,謎,隱語也。从言、迷，迷亦聲。,True,,,本騃也从言疑聲,0.53,low,not_aligned
1745,菐,瀆菐也。从丵从廾，廾亦聲。凡菐之屬皆从菐。,True,,,百重七十八义手也从彐凡臼之屬皆从臼,0.42,low,not_aligned
1746,僕,給事者。从人从菐，菐亦聲。,True,,,,0,none,not_aligned
1747,𠔯,賦事也。从菐从八。八，分之也。八亦聲。讀若頒。一曰讀若非。,True,True,八,賦事也从菐从八八分之也八亦聲讀若頒一曰讀若非,1.0,high,both
1763,弈,圍棊也。从廾亦聲。《論語》曰：“不有博弈者乎！”,True,True,从,圍棊也从亦聲論語曰不有博弈者乎,0.93,high,both
1766,樊,鷙不行也。从𠬜从棥，棥亦聲。,True,,,鷙不行也从□棥亦聲,0.78,medium,not_aligned
1778,䢅,早昧爽也。从𦥑从辰。辰，時也。辰亦聲。𠃨夕爲𡖊，臼辰爲䢅，皆同意。凡䢅之屬皆从䢅。,True,,,早昧爽也从臼辰辰時也亦聲丮夕爲臼辰為晨皆同意凡晨之属皆从䢅,0.75,medium,not_aligned
1782,釁,血祭也。象祭竈也。从爨省，从酉。酉，所以祭也。从分，分亦聲。,True,,,,0,none,not_aligned
1789,鞣,耎也。从革从柔，柔亦聲。,True,,,履也从革是聲,0.57,low,not_aligned
1798,䩡,鞮䩡沙也。从革从夾，夾亦聲。,True,,,鞮䩡沙也从革从夾夾亦聲苟掐反鞮属也从革徙聲,0.67,medium,not_aligned
1915,𠭥,楚人謂卜問吉凶曰𠭥。从又持祟，祟亦聲。讀若贅。,True,False,,楚人謂卜問吉凶曰从又持祟讀若贅,0.91,high,daxu_only
1995,整,齊也。从攴从束从正，正亦聲。,True,,,春也从攴聲,0.53,low,not_aligned
1998,政,正也。从攴从正，正亦聲。,True,,,春也从攴聲,0.62,low,not_aligned
2019,㪉,合會也。从攴从合，合亦聲。,True,,,合會也从攴合聲茍合反列也从攴陳聲,0.56,low,not_aligned
2029,敡,侮也。从攴从易，易亦聲。,True,,,春也从攴聲,0.62,low,not_aligned
2032,𣀆,朋侵也。从攴从羣，羣亦聲。,True,,,小春也从攴聲,0.53,low,not_aligned
2034,𢿳,煩也。从攴从𤔔，𤔔亦聲。,True,,,春也从攴聲,0.62,low,not_aligned
2041,鼓,擊鼓也。从攴从壴，壴亦聲。,True,,,撃皷也从攴壴壴亦聲讀若屬,0.6,low,not_aligned
2075,甫,男子美稱也。从用、父，父亦聲。,True,,,,0,none,not_aligned
2125,𢌨,相顧視而行也。从目从㢟，㢟亦聲。,True,,,視之也大視也从目蒦聲,0.45,low,not_aligned
2169,瞑,翕目也。从目、冥，冥亦聲。,True,,,平目也从目㒼聲,0.67,medium,not_aligned
2185,眇,一目小也。从目从少，少亦聲。,True,True,少,一目小也从目少亦聲,0.89,high,both
2225,齅,以鼻就臭也。从鼻从臭，臭亦聲。讀若畜牲之畜。,True,,,也勤潜反鳥也从隹从人厂聲讀若鴈,0.38,low,not_aligned
2230,奭,盛也。从大从皕，皕亦聲。此燕召公名。讀若郝。《史篇》名醜。,True,,,,0,none,not_aligned
2281,雊,雄雌鳴也。雷始動，雉鳴而雊其頸。从隹从句，句亦聲。,True,True,句,雌雉鳴也雷始動雉鳴而鴝其頸从隹句句亦聲,0.86,high,both
2287,𨿳,鳥也。从隹，瘖省聲。或从人，人亦聲。,True,True,人,鳥也从隹瘖省聲或从人人亦聲,1.0,high,both
2321,𤊾,火不明也。从𥄕从火，𥄕亦聲。《周書》曰：“布重𤊾席。”織蒻席也。讀與蔑同。,True,True,苜,大不明也从苜火苜亦聲周書曰布重席織蒻席也讀與蔑同,0.83,high,both
2347,羌,西戎牧羊人也。从人从羊，羊亦聲。南方蠻閩从虫，北方狄从犬，東方貉从豸，西方羌从羊：此六種也。西南僰人、僬僥，从人；蓋在坤地，頗有順理之性。唯東夷从大。大，人也。夷俗仁，仁者壽，有君子不死之國。孔子曰：“道不行，欲之九夷，乘桴浮於海。”有以也。,True,True,羊,西戎从羊人也从人从羊羊亦聲南方蠻閩从虫北方狄从犬東方貉从豸西方羗从羊此六種也西南𤏡人僬僥从人蓋在坤地頗有順理之性惟東夷从大大人也夷俗仁仁者夀有君子不死之國孔子曰道不行欲之九夷秉桴浮於海以也,0.93,high,both
2351,瞿,鷹隼之視也。从隹从䀠，䀠亦聲。凡瞿之屬皆从瞿。讀若章句之句。,True,,,勤潜反鳥也从隹从人厂聲讀若鴈,0.37,low,not_aligned
2492,幽,隱也。从山中𢆶，𢆶亦聲。,True,,,,0,none,not_aligned
2494,叀,專小謹也。从幺省；屮，財見也；屮亦聲。凡叀之屬皆从叀。,True,,,,0,none,not_aligned
2501,舒,伸也。从舍从予，予亦聲。一曰舒，緩也。,True,False,,伸也从舍予聲一曰舒緩也,0.92,high,daxu_only
2518,𠭘,坑也。从𣦼从井，井亦聲。,True,,,,0,none,not_aligned
2533,殯,死在棺，將遷葬柩，賓遇之。从歺从賓，賓亦聲。夏后殯於阼階，殷人殯於兩楹之閒，周人殯於賓階。,True,True,賔,死在棺將遷葬柩賔遇之从歺賔賔亦聲夏后殯於阼階殷人殯於兩楹之間周人殯於賔階,0.85,high,both
2694,腥,星見食豕，令肉中生小息肉也。从肉从星，星亦聲。,True,,,胜而苴熟之息形反豕肉羹也从肉堯聲,0.35,low,not_aligned
2726,腔,内空也。从肉从空，空亦聲。,True,,,掖下也从肉去聲,0.5,low,not_aligned
2765,剝,裂也。从刀从录。录，刻割也。录亦聲。,True,,,裂也从刀录聲一曰录剋割也逼朔反剥或从卜問也从刀害聲,0.49,low,not_aligned
2768,劃,錐刀曰劃。从刀从畫，畫亦聲。,True,,,獺反錐刀也从刀畫畫亦聲麾獲反挑取也从刀肙聲一曰,0.44,low,not_aligned
2771,劑,齊也。从刀从齊，齊亦聲。,True,False,,齊也从刀齊聲,0.86,high,daxu_only
2794,刺,君殺大夫曰刺。刺，直傷也。从刀从朿，朿亦聲。,True,,,梗尤反大鎌也一曰摩也从刀豈聲,0.4,low,not_aligned
2984,筑,以竹曲五弦之樂也。从竹从𢀜。𢀜，持之也。竹亦聲。,True,,,祝反鼓弦竹身樂也从竹爭聲,0.4,low,not_aligned
2989,簺,行棊相塞謂之簺。从竹从塞，塞亦聲。,True,True,塞,行棊相塞謂之簺从竹塞塞亦聲,0.96,high,both
3006,䢋,古之遒人，以木鐸記詩言。从辵从丌，丌亦聲。讀與記同。,True,True,丌,古之道人以木鐸記詩言从辵从丌丌亦聲讀與記同,0.95,high,both
3024,𤯌,和也。从甘从麻。麻，調也。甘亦聲。讀若函。,True,,,樂也从甘甘匹耦也,0.36,low,not_aligned
3028,𣆑,告也。从曰从冊，冊亦聲。,True,,,告也从册曰,0.62,low,not_aligned
3041,可,𦘫也。从口丂，丂亦聲。凡可之屬皆从可。,True,,,肎也从口亦聲也凡可之属皆从可,0.74,medium,not_aligned
3055,𠮱,驚語也。从口从亏，亏亦聲。,True,True,亏,驚語也从口从亏亏亦聲,1.0,high,both
3060,憙,說也。从心从喜，喜亦聲。,True,True,喜,恱也从心喜喜亦聲,0.8,high,both
3078,愷,康也。从心、豈，豈亦聲。,True,,,恱也从心喜喜亦聲,0.57,low,not_aligned
3092,𧈚,器也。从䖒、㿾，㿾亦聲。闕。,True,,,器也从皿弓聲,0.57,low,not_aligned
3155,𧗁,气液也。从血𦘔聲。,False,True,□,气液也从血□□亦聲,0.8,high,xiaoxu_only
3168,主,鐙中火主也。从纹，象形。从丶，丶亦聲。,True,True,丨,鐙中火主也从象形从丨丨亦聲,0.8,high,both
3169,咅,相與語，唾而不受也。从丶从否，否亦聲。,True,True,否,相與語唾而不受也从否从丨否亦聲,0.86,high,both
3172,彤,丹飾也。从丹从彡。彡，其畫也。,False,True,彡,丹飾也从丹彡彡其畫彡亦聲,0.82,high,xiaoxu_only
3177,阱,陷也。从𨸏从井，井亦聲。,True,,,,0,none,not_aligned
3178,㓝,罰辠也。从井从刀。《易》曰：“井，法也。”井亦聲。,True,,,,0,none,not_aligned
3218,饗,鄉人飲酒也。从食从鄉，鄉亦聲。,True,,,隻反滫飯也从食聲,0.42,low,not_aligned
3246,餽,吳人謂祭曰餽。从食从鬼，鬼亦聲。,True,,,反呉人謂祭曰餽从食鬼鬼亦聲矩遂反祭酹也从食叕聲誅稅,0.56,low,not_aligned
3261,䢈,日月合宿从辰。从會从辰，辰亦聲。,True,,,,0,none,not_aligned
3365,舜,艸也。楚謂之葍，秦謂之藑。蔓地連華。象形。从舛，舛亦聲。凡䑞之屬皆从䑞。(今隸變作舜。),True,True,舛,艸也楚謂之葍秦謂之藑蔓地連華象形从舛亦聲凡䑞之屬皆从䑞,0.9,high,both
3574,朻,高木也。从木丩聲。,False,True,丩,高木也从木丩丩亦聲,0.93,high,xiaoxu_only
3652,柵,編樹木也。从木从冊，冊亦聲。,True,,,反木帳也从木屋聲,0.56,low,not_aligned
3695,櫑,龜目酒尊，刻木作雲雷象。象施不窮也。从木畾聲。,False,True,畾,龜目酒樽刻木作雲雷象施不窮也从木畾亦聲,0.92,high,xiaoxu_only
3786,枰,平也。从木从平，平亦聲。,True,,,橋也从木从水刄聲,0.62,low,not_aligned
3802,杽,械也。从木从手，手亦聲。,True,True,手,械也从木手手亦聲,0.93,high,both
3850,糶,出穀也。从出从䊮，䊮亦聲。,True,,,,0,none,not_aligned
3967,貧,財分少也。从貝从分，分亦聲。,True,False,,財分少也从貝分聲,0.89,high,daxu_only
3998,鄯,鄯善，西胡國也。从邑从善，善亦聲。,True,True,善,鄯善西胡國也从邑善善亦聲,0.96,high,both
4189,晛,日見也。从日从見，見亦聲。《詩》曰：“見晛曰消。”,True,,,日見也从日見見亦聲詩曰見晛曰消年電反天清也从日安聲,0.72,medium,not_aligned
4248,晬,周年也。从日、卒，卒亦聲。,True,,,尚冥也从日勿聲,0.53,low,not_aligned
4280,旄,幢也。从㫃从毛，毛亦聲。,True,False,,幢也从㫃毛聲,0.86,high,daxu_only
4325,圅,舌也。象形。舌體𢎘。𢎘从𢎘，𢎘亦聲。,True,,,平也象形凡齊之屬皆从齊,0.35,low,not_aligned
4329,𣐺,木垂華實。从木、𢎘，𢎘亦聲。凡𣐺之屬皆从𣐺。,True,,,木垂華實也从木□□亦聱棗凡之屬皆从棗闕,0.63,low,not_aligned
4634,窞,坎中小坎也。从穴从臽，臽亦聲。《易》曰：“入于坎窞。”一曰㫄入也。,True,,,小遂反極也从穴躬聲,0.32,low,not_aligned
4640,竀,正視也。从穴中正見也，正亦聲。,True,,,邪下也从穴瓜聲,0.44,low,not_aligned
4726,瘧,熱寒休作。从疒从虐，虐亦聲。,True,,,,0,none,not_aligned
4776,冠,絭也。所以絭髮，弁冕之緫名也。从冂从元，元亦聲。冠有法制，从寸。,True,True,元,絭也所以絭髪弁冕之惣名从冂元元亦聲冠有法制从寸,0.87,high,both
4777,冣,積也。从冂从取，取亦聲。,True,True,取,積也从冂取取亦聲,0.93,high,both
4789,兩,二十四銖爲一兩。从一；㒳，平分，亦聲。,True,True,㒳,二十四銖為一兩从一从㒳兩平分也㒳亦聲,0.8,high,both
4794,𦌾,网也。从网、繯，繯亦聲。一曰綰也。,True,True,繯,网也从网繯繯亦聲也一曰綰也,0.96,high,both
4804,羀,曲梁寡婦之笱。魚所畱也。从网、畱，畱亦聲。,True,False,,曲梁寡婦之笱魚所畱也从网畱聲,0.97,high,daxu_only
4896,帟,在上曰帟。从巾亦聲。,True,,,在上曰幕按爾雅从巾莫聲門落反㡜裂也从巾□,0.44,low,not_aligned
4919,敝,帗也。一曰敗衣。从攴从㡀，㡀亦聲。,True,,,帗也一曰婦人脅巾也从巾戔聲讀若椒榝之榝帔也,0.36,low,not_aligned
4944,仲,中也。从人从中，中亦聲。,True,,,見也从人聲,0.62,low,not_aligned
5030,傾,仄也。从人从頃，頃亦聲。,True,,,行也从人从匕匕亦聲,0.62,low,not_aligned
5141,係,絜束也。从人从系，系亦聲。,True,,,敎行也从人从匕匕亦聲,0.56,low,not_aligned
5157,像,象也。从人从象，象亦聲。讀若養。,True,,,聲也从人悉聲讀若屑,0.6,low,not_aligned
5164,僊,長生僊去。从人从䙴，䙴亦聲。,True,,,也敎行也从人从匕匕亦聲,0.4,low,not_aligned
5179,儈,合市也。从人、會，會亦聲。,True,,,反見也从人聲,0.57,low,not_aligned
5180,低,下也。从人、氐，氐亦聲。,True,,,見也从人聲,0.67,medium,not_aligned
5181,債,債負也。从人、責，責亦聲。,True,,,反見也从人聲,0.57,low,not_aligned
5182,價,物直也。从人、賈，賈亦聲。,True,,,反見也从人聲,0.57,low,not_aligned
5184,僦,賃也。从人、就，就亦聲。,True,,,見也从人聲,0.67,medium,not_aligned
5192,化,教行也。从𠤎从人，𠤎亦聲。,True,,,逺行也从人狂聲,0.62,low,not_aligned
5203,從,隨行也。从辵、从，从亦聲。,True,,,敎行也从人从匕匕亦聲,0.59,low,not_aligned
5211,屔,反頂受水丘。从丘，泥省聲。,False,,,反項受水丘也从丘从泥省泥亦聲,0.78,medium,not_aligned
5302,衵,日日所常衣。从衣从日，日亦聲。,True,False,,日日所常衣从衣从日亦日聲,0.96,high,daxu_only
5317,𧝉,紩衣也。从衣、黹，黹亦聲。,True,True,黹,反紩衣从衣黹黹亦聲,0.88,high,both
5360,孝,善事父母者。从老省，从子。子承老也。,False,True,省,善事父母者从老省从子子承老老省亦聲,0.87,high,xiaoxu_only
5460,覽,觀也。从見、監，監亦聲。,True,True,監,觀也从見監亦聲,0.92,high,both
5522,歊,歊歊，气出皃。从欠、高，高亦聲。,True,,,反歊气出皃从欠高高亦聲欣消反有所吹起从欠炎聲讀,0.56,low,not_aligned
5535,𣣸,言意也。从欠从𠧴，𠧴亦聲。讀若酉。,True,,,反言意从欠从亦聲讀若酉夷酒反欲飲从欠渇聲,0.58,low,not_aligned
5557,欥,詮詞也。从欠从曰，曰亦聲。《詩》曰：“欥求厥寕。”,True,True,曰,宻反詮詞从欠曰曰亦聲詩曰欥求厥寜,0.8,high,both
5622,𩑦,内頭水中也。从頁、𠬸，𠬸亦聲。,True,True,頁,内頭水中从頁亦聲,0.82,high,both
5644,頛,頭不正也。从頁从耒。耒，頭傾也。讀又若《春秋》陳夏齧之齧。,False,,,敦反秃也从頁气聲誇訥反頭不正从頁耒耒頭傾亦聲讀又若春秋陳夏齧之齧魯内,0.69,medium,not_aligned
5668,靦,面見也。从面、見，見亦聲。《詩》曰：“有靦面目。”,True,,,靣見也从靣見亦聲詩曰有□靣目,0.67,medium,not_aligned
5680,䫇,頰須也。从須从冄，冄亦聲。,True,True,冄,頰須也从冄冄亦聲,0.88,high,both
5687,彰,文彰也。从彡从章，章亦聲。,True,,,文章也从彡章聲,0.75,medium,not_aligned
5742,㖃,厚怒聲。从口、后，后亦聲。,True,,,,0,none,not_aligned
5782,匌,帀也。从勹从合，合亦聲。,True,,,墳也从勹豕聲,0.57,low,not_aligned
5808,魑,鬼屬。从鬼从离，离亦聲。,True,,,兒鬼从鬼从支韓詩傳曰鄭交甫逢二女鬾服臣寄反,0.28,low,not_aligned
5886,屵,岸高也。从山、厂，厂亦聲。凡屵之屬皆从屵。,True,True,厂,岸髙也从山厂厂亦聲凡屵之屬皆从屵,0.93,high,both
6148,馼,馬赤鬣縞身，目若黃金，名曰𩢌。吉皇之乘，周文王時，犬戎獻之。从馬从文，文亦聲。《春秋傳》曰：“𩢌馬百駟。”畫馬也。西伯獻紂，以全其身。,True,True,文,馬赤鬛縞身囙若黄金名曰吉皇之乗周文王時犬戎獻之从馬文文亦聲春秋傳曰馬百駟畫馬也西伯獻紂以全其身,0.88,high,both
6283,𤟟,竇中犬聲。从犬从音，音亦聲。,True,True,音,竇中犬聲从犬从音音亦聲,1.0,high,both
6303,𤞛,妄彊犬也。从犬从壯，壯亦聲。,True,,,者犬也故从犬从自,0.56,low,not_aligned
6448,煣,屈申木也。从火、柔，柔亦聲。,True,True,柔,屈申木也从火柔柔亦聲,1.0,high,both
6449,燓,燒田也。从火、棥，棥亦聲。,True,True,棥,燒田也从火棥棥亦聲,1.0,high,both
6546,悤,多遽悤悤也。从心、囪，囪亦聲。,True,,,多遽怱怱也从心囱囱亦聲麤中反文二重二火華也从三,0.38,low,not_aligned
6562,赩,大赤也。从赤、色，色亦聲。,True,,,赤土也从赤者聲,0.67,medium,not_aligned
6596,尳,厀病也。从尣从骨，骨亦聲。,True,,,反蹇也从尣皮聲,0.5,low,not_aligned
6613,執,捕罪人也。从丮从㚔，㚔亦聲。,True,True,㚔,捕罪人也从丮㚔㚔亦聲,0.95,high,both
6621,𠅣,直項莽𠅣皃。从亢从夋。夋，倨也。亢亦聲。,True,,,作直項莽皃从亢从夋夋倨也亢亦聲解黨反文二重一進趨也从大,0.65,medium,not_aligned
6629,𥉁,舉目驚𥉁然也。从夰从䀠，䀠亦聲。,True,,,舉目驚然也从䀠从夰,0.67,medium,not_aligned
6630,奡,嫚也。从𦣻从夰，夰亦聲。《虞書》曰：“若丹朱奡。”讀若傲。《論語》：“奡湯舟。”,True,True,夰,嫚也从□从夰夰亦聲虞書曰者丹朱奡讀若傲論語奡盪舟,0.87,high,both
6631,昦,春爲昦天，元气昦昦。从日、夰，夰亦聲。,True,True,夰,春爲昦天元气昦昦从日夰夰亦聲,1.0,high,both
6634,奕,大也。从亣亦聲。《詩》曰：“奕奕梁山。”,True,True,大,大也从大亦聲詩曰奕奕梁山,0.91,high,both
6635,奘,駔大也。从亣从壯，壯亦聲。,True,,,駔大也从大壯聲,0.75,medium,not_aligned
6649,竦,敬也。从立从束。束，自申束也。,False,True,也,敬也从立束束自申束也亦聲,0.91,high,xiaoxu_only
6671,息,喘也。从心从自，自亦聲。,True,,,謹也从心聲,0.62,low,not_aligned
6709,憼,敬也。从心从敬，敬亦聲。,True,,,敬也从心難聲,0.71,medium,not_aligned
6719,懬,闊也。一曰廣也，大也。一曰寬也。从心从廣，廣亦聲。,True,,,闊也一曰廣也大也从心廣廣亦聲一曰寛也,0.74,medium,not_aligned
6780,𢛆,急也。从心从弦，弦亦聲。河南密縣有𢛆亭。,True,,,恨也从心巠聲其頸反急也从心弦聲河南宻縣有亭形先反悔恨也从,0.51,low,not_aligned
6796,懝,騃也。从心从疑，疑亦聲。一曰惶也。,True,,,大也从心廣廣亦聲一曰寛也,0.61,low,not_aligned
6810,忘,不識也。从心从亡，亡亦聲。,True,,,反謹也从心聲,0.53,low,not_aligned
6861,愾,大息也。从心从氣，氣亦聲。《詩》曰：“愾我寤歎。”,True,,,望恨也从心長聲田向反太息也从心氣氣亦聲詩曰愾我寤歎許意反,0.62,low,not_aligned
6902,患,憂也。从心上貫吅，吅亦聲。,True,True,吅,憂也从心上貫吅吅亦聲,1.0,high,both
6903,恇,怯也。从心、匡，匡亦聲。,True,,,謹也从心聲,0.67,medium,not_aligned
7109,汭,水相入也。从水从内，内亦聲。,True,False,,水相入也从水内聲,0.89,high,daxu_only
7131,泬,水从孔穴疾出也。从水从穴，穴亦聲。,True,,,反水从孔疾出也从水宂翲迭反水暴至聲从水鼻聲披傋反水小,0.51,low,not_aligned
7137,洸,水涌光也。从水从光，光亦聲。《詩》曰：“有洸有潰。”,True,True,光,水涌光也从水光光亦聲詩曰在洸有潰,0.9,high,both
7212,派,別水也。从水从𠂢，𠂢亦聲。,True,,,渡水也从水付聲,0.62,low,not_aligned
7378,汲,引水於井也。从水从及，及亦聲。,True,,,引水于井也从水及聲飢泣反渌也从水□聲,0.55,low,not_aligned
7393,㵞,腹中有水气也。从水从愁，愁亦聲。,True,,,腹中有水气也从水愁聲即沼反乳汁也从水重聲,0.62,low,not_aligned
7406,泮,諸矦鄉射之宮，西南爲水，東北爲牆。从水从半，半亦聲。,True,,,諸侯饗射之宫也西南為水東北為墻从水半半亦聲,0.65,medium,not_aligned
7409,萍,苹也。水艸也。从水、苹，苹亦聲。,True,,,反革水艸也从水革苹亦聲,0.7,medium,not_aligned
7434,涯,水邊也。从水从厓，厓亦聲。,True,,,水虛也从水康聲,0.62,low,not_aligned
7667,否,不也。从口从不，不亦聲。,True,,,,0,none,not_aligned
7697,閨,特立之戶，上圜下方，有似圭。从門圭聲。,False,,,特立之户也上員下方有似圭从門圭圭亦聲㳙亐反門旁户也从門,0.63,low,not_aligned
7738,閽,常以昏閉門隸也。从門从昏，昏亦聲。,True,,,常㠯昏閉門隷也从門昏聲喧盆反閃也从門䂓聲去䂓反妄入宫,0.46,low,not_aligned
7862,挻,長也。从手从延，延亦聲。,True,False,,長也从手延聲,0.86,high,daxu_only
7873,授,予也。从手从受，受亦聲。,True,,,擊也从手聲,0.62,low,not_aligned
8024,㩓,傷擊也。从手、毀，毀亦聲。,True,,,手擊也从手聲,0.71,medium,not_aligned
8042,拲,兩手同械也。从手从共，共亦聲。《周禮》：“上辠，梏拲而桎。”,True,,,反反手擊也从手聲,0.37,low,not_aligned
8070,姓,人所生也。古之神聖母，感天而生子，故稱天子。从女从生，生亦聲。《春秋傳》曰：“天子因生以賜姓。”,True,,,嫇嫇小人皃民甹反曲肩行皃从女聲延朝反材緊也从女睘聲春秋傳曰嬛嫁在疚,0.26,low,not_aligned
8086,娶,取婦也。从女从取，取亦聲。,True,,,長皃也从女焉聲,0.5,low,not_aligned
8087,婚,婦家也。《禮》：娶婦以昏時，婦人陰也，故曰婚。从女从昏，昏亦聲。,True,,,婦家也从女昏禮娶婦以昏時婦人隂故曰婚喧盆反籕文婚如此壻家也女之所因故曰,0.53,low,not_aligned
8088,姻,壻家也。女之所因，故曰姻。从女从因，因亦聲。,True,,,壻家也女之所因故曰姻从女因聲伊倫反籕文姻从□婦與巳齊者也从,0.62,low,not_aligned
8093,妊,孕也。从女从壬，壬亦聲。,True,,,驕也从女虘聲,0.57,low,not_aligned
8109,娣,女弟也。从女从弟，弟亦聲。,True,,,女隷也从女奚聲,0.62,low,not_aligned
8120,婢,女之卑者也。从女从卑，卑亦聲。,True,True,卑,女之卑者从女卑卑亦聲,0.9,high,both
8145,媄,色好也。从女从美，美亦聲。,True,,,反好也从女交聲,0.62,low,not_aligned
8298,奸,犯婬也。从女从干，干亦聲。,True,,,彭反犯滛从女干干亦聲,0.67,medium,not_aligned
8381,匹,四丈也。从八、匸。八揲一匹，八亦聲。,True,,,,0,none,not_aligned
8567,䋛,繡文如聚細米也。从糸从米，米亦聲。,True,,,若陘胡頂切細也从糸韱聲息亷切㣲也从糸囟聲穌計切旄絲也,0.31,low,not_aligned
8710,緉,履兩枚也。一曰絞也。从糸从兩，兩亦聲。,True,,,履兩枚也一曰絞也从糸从兩兩亦聲力譲切麻一耑也从糸㓞聲古,0.7,medium,not_aligned
8763,螟,蟲食穀葉者。吏冥冥犯法卽生螟。从虫从冥，冥亦聲。,True,,,蟲食榖葉者吏冥冥犯法即生螟从虫从冥冥亦聲莫經切蟲食苗葉者吏乞貸則,0.68,medium,not_aligned
8764,蟘,蟲，食苗葉者。吏乞貸則生蟘。从虫从貸，貸亦聲。《詩》曰：“去其螟蟘。”,True,,,蟲食苗葉者吏乞貸則生蟘从虫从貸貸亦聲詩曰去其螟蟘臣鉉等曰今俗作□非是徒得,0.79,medium,not_aligned
8850,𧐂,敗創也。从虫、人、食，食亦聲。,True,,,搔蛘也从虫羊聲余两切敗創也从虫人食食亦聲乗力,0.6,low,not_aligned
8939,䬍,疾風也。从風从忽，忽亦聲。,True,,,高風也从風翏聲力求切疾風也从風从忽忽亦聲呼骨,0.6,low,not_aligned
8956,鼀,圥鼀，詹諸也。其鳴詹諸，其皮鼀鼀，其行圥圥。从黽从圥，圥亦聲。,True,,,圥鼀詹諸也其鳴詹諸其皮鼀鼁其行圥圥从黽从圥圥亦聲七宿切鼀或从酋□□詹諸也,0.76,medium,not_aligned
8982,坪,地平也。从土从平，平亦聲。,True,,,田畦也从土聲,0.53,low,not_aligned
8983,均,平徧也。从土从勻，勻亦聲。,True,,,平徧也从土匀聲堅鄰反柔土也从土襄聲,0.54,low,not_aligned
9031,墨,書墨也。从土从黑，黑亦聲。,True,,,書墨也从土黒,0.67,medium,not_aligned
9036,城,以盛民也。从土从成，成亦聲。,True,True,成,㠯盛民也从土成成亦聲,0.84,high,both
9156,黃,地之色也。从田从炗，炗亦聲。炗，古文光。凡黃之屬皆从黃。,True,,,重三居也从田从土一曰土聲也凡里之属皆从里,0.44,low,not_aligned
9167,功,以勞定國也。从力从工，工亦聲。,True,,,許反尤劇也从力聲,0.42,low,not_aligned
9183,勶,發也。从力从徹，徹亦聲。,True,,,劇也从力聲,0.62,low,not_aligned
9280,釦,金飾器口。从金从口，口亦聲。,True,True,口,金餙器口从金口口亦聲,0.84,high,both
9293,鏨,小鑿也。从金从斬，斬亦聲。,True,,,小冶也从金叚聲,0.62,low,not_aligned
9334,鈴,令丁也。从金从令，令亦聲。,True,,,斧穿也从金聲,0.53,low,not_aligned
9405,鍒,𨮯之耎也。从金从柔，柔亦聲。,True,,,斤斧穿也从金聲,0.47,low,not_aligned
9453,㪵,量物分半也。从斗从半，半亦聲。,True,,,朱反量物分半也从斗半亦聲脯漫反量物溢也从斗旁聲破,0.53,low,not_aligned
9485,䡊,車耳反出也。从車从反，反亦聲。,True,,,反車相出也从車失聲,0.6,low,not_aligned
9542,轚,車轄相擊也。从車从毄，毄亦聲。《周禮》曰：“舟輿擊互者。”,True,,,此重出礙也从車多聲溪祢反車轄相擊也从車毄毄亦聲周礼曰舟輿轚玄者也,0.6,low,not_aligned
9576,陸,高平地。从𨸏从坴，坴亦聲。,True,,,髙平地从□坴聲栗菊反籕文陸如此大陵曰阿从□可,0.32,low,not_aligned
9595,陷,高下也。一曰陊也。从𨸏从臽，臽亦聲。,True,,,蓋弓也一曰輻也从車聲,0.52,low,not_aligned
9605,𨻺,仄也。从𨸏从頃，頃亦聲。,True,,,仄也从□頃聲屈呈反落也从□多聲圖坐反閬也从,0.34,low,not_aligned
9615,阢,石山戴土也。从𨸏从兀，兀亦聲。,True,,,石山載土也从□几聲五忽反崖也从□兼聲讀若儼牛檢反,0.4,low,not_aligned
9649,隙,壁際孔也。从𨸏从𡭴，𡭴亦聲。,True,,,壁際孔也从□□聲起逆反壁㑹也从□祭聲子歳反重土,0.42,low,not_aligned
9667,𨽵,塞上𠅘守㷭火者。从𨺅从火，遂聲。,False,,,塞上亭守㷭火者从□从火从遂遂亦聲夕位反篆文省文四重,0.59,low,not_aligned
9669,絫,增也。从厽从糸。絫，十黍之重也。,False,,,从糸厽厽亦聲絫十黍之重也力委反累墼也从厽从土,0.48,low,not_aligned
9673,𤲑,㡒也。所以載盛米。从宁从甾。甾，缶也。,False,True,宁,㡒也所以載盛米从甾甾缶也从宁宁亦聲,0.8,high,xiaoxu_only
9720,字,乳也。从子在宀下，子亦聲。,True,,,乳也愛也从宀子子亦聲,0.67,medium,not_aligned
9724,季,少偁也。从子，从稚省，稚亦聲。,True,,,務反少偁从子稚省稚亦聲見翠反長也从子皿聲莫更反,0.5,low,not_aligned
9740,疏,通也。从𡿮从疋，疋亦聲。,True,True,疋,通也从㐬从疋疋亦聲,0.88,high,both
9742,䏔,食肉也。从丑从肉。,False,,,食肉也从肉五丑亦聲女就反進獻也从羊羊所,0.48,low,not_aligned
9743,羞,進獻也。从羊，羊，所進也；从丑，丑亦聲。,True,True,丑,進獻也从羊羊所進也从丑丑亦聲,1.0,high,both
9758,酒,就也，所以就人性之善惡。从水从酉，酉亦聲。一曰造也，吉凶所造也。 古者儀狄作酒醪，禹嘗之而美，遂䟽儀狄。杜康作秫酒。,True,,,時俗相承之變也倉去反黍酒也从酉也聲一曰甜也賈侍中㠯爲鬻清,0.19,low,not_aligned
9794,酣,酒樂也。从酉从甘，甘亦聲。,True,False,,酒樂也从酉甘聲,0.88,high,daxu_only
