sw_id,char,phonetic,in_analysis_set,daxu_gloss,xiaoxu_reading,unknown_reason,layer,round,xiaoxu_juan,xiaoxu_quote,note
5,吏,史,True,治人者也。从一从史，史亦聲。,未找到,电子本缺文,unknown,round2,1,,卷1一部此段脫文，丕吏不見
12,禮,豊,True,履也。所以事神致福也。从示从豊，豊亦聲。,未找到,电子本缺文,unknown,round2,1,,卷1示部開頭殘缺，缺示至祥
39,祏,石,True,宗廟主也。《周禮》有郊、宗、石室。一曰大夫以石爲主。从示从石，石亦聲。,亦聲,,both,round1,,宗廟主也周禮有郊宗石室一曰大夫以石爲主从示石石亦聲,
54,禬,會,True,會福祭也。从示从會，會亦聲。《周禮》曰：“禬之祝號。”,聲,,daxu_only,round2,1,㑹福祭也从示㑹聲,auto_guess correct
111,琥,虎,True,發兵瑞玉，爲虎文。从玉从虎，虎亦聲。《春秋傳》曰：“賜子家雙琥。”,未找到,电子本缺文,unknown,round2,1,聲春秋傳曰賜子家子雙琥,"卷1球後闕文，僅存""…聲春秋傳曰"""
112,瓏,龍,True,禱旱玉。龍文。从玉从龍，龍亦聲。,聲,,daxu_only,round1,,禱旱玉龍文从玉龍聲,
120,瑁,冒,True,諸侯執圭朝天子，天子執玉以冒之，似犂冠。《周禮》曰：“天子執瑁四寸。”从玉、冒，冒亦聲。,未找到,电子本缺文,unknown,round2,1,,玉部珽瑁璬一段不見
125,珥,耳,True,瑱也。从玉、耳，耳亦聲。,亦聲,,both,round1,,瑱也从玉耳耳亦聲,
203,琀,含,True,送死口中玉也。从玉从含，含亦聲。,未找到,电子本缺文,unknown,round2,1,,卷1玉部玕以後殘缺
232,𣃘,㫃,True,旌旗杠皃。从丨从㫃，㫃亦聲。,亦聲,,both,round1,,旌旗杠皃从丨㫃亦聲,
237,㞣,分,True,艸初生，其香分布。从屮从分，分亦聲。,亦聲,,both,round1,,艸𥘉生其香分布从□分分亦聲,
568,䒹,耒,True,耕多艸。从艸、耒，耒亦聲。,亦聲,,both,round2,2,耕名从艸耒耒亦聲,gloss has 耕名 for 耕多艸
702,莽,茻,True,南昌謂犬善逐菟艸中爲莽。从犬从茻，茻亦聲。,亦聲,,both,round1,,南昌謂犬善逐兎艸中為莽从犬从茻茻亦聲,
715,𠔁,八,True,分也。从重八。八，別也。亦聲。《孝經說》曰：“故上下有別。”,亦聲,,both,round2,3,分也从重八八别也亦聲,同大徐，亦聲前不重出八
717,必,弋,True,分極也。从八、弋，弋亦聲。,聲,,daxu_only,round1,,分極也从八弋聲,
725,胖,半,True,半體肉也。一曰廣肉。从半从肉，半亦聲。,亦聲,,both,round1,,半體肉一曰廣肉从肉从半半亦聲,
735,牭,四,True,四歲牛。从牛从四，四亦聲。,亦聲,,both,round2,3,四歳牛从牛四四亦聲,
757,犓,芻,True,以芻莖養牛也。从牛、芻，芻亦聲。《春秋國語》曰：“犓豢幾何。”,亦聲,,both,round2,3,以芻莖飬牛也从牛芻芻亦聲,
765,㹂,臤,True,牛很不從引也。从牛从臤，臤亦聲。一曰大皃。讀若賢。,亦聲,,both,round2,3,牛狠不从引也从牛臤臤亦聲,
974,單,吅,True,大也。从吅、红，吅亦聲。闕。,亦聲,,both,round1,,大也从吅卑吅亦聲闕,
977,喪,亾,True,亾也。从哭从亾。會意。亾亦聲。,聲,,daxu_only,round2,3,亡也从哭云聲,云疑亾之譌；無亦字
1092,迹,亦,False (亦 false hit),步處也。从辵亦聲。,聲,,daxu_only,round2,4,歩處也从辵亦聲,亦本身為聲符，與大徐同文
1130,遌,㖾,True,相遇驚也。从辵从㖾，㖾亦聲。,亦聲,,both,round1,,相遇驚也从辵㖾㖾亦聲,
1140,返,反,True,還也。从辵从反，反亦聲。《商書》曰：“祖甲返。”,亦聲,,both,round1,,還也从辵反反亦聲啇書曰祖甲返,
1142,選,巽,True,遣也。从辵、巽，巽遣之；巽亦聲。一曰選，擇也。,亦聲,,both,round1,,遣也从辵巽巽遣之巽亦聲一曰選擇也,
1226,𢔟,柔,True,復也。从彳从柔，柔亦聲。,亦聲,,both,round1,,復也从彳柔柔亦聲,
1313,齨,臼,True,老人齒如臼也。一曰馬八歲齒臼也。从齒从臼，臼亦聲。,聲,,daxu_only,round2,4,老人齒如□从齒□聲馬八歳齒□也,□聲，無亦；□當作臼
1318,䶤,骨,True,齧骨聲。从齒从骨，骨亦聲。,聲,,daxu_only,round2,4,齧骨聲从齒骨聲,no 亦; no 从骨
1323,𤘌,奇,True,武牙也。从牙从奇，奇亦聲。,亦聲,,both,round2,4,武牙也从牙竒竒亦聲,竒=奇
1418,𤴙,疋,True,門戶疏䆫也。从疋，疋亦聲。囪象𤴙形。讀若疏。,無聲,,daxu_only,round2,4,門户䟽窓也从疋囱囱象形,無疋亦聲；下條𤕟作疋亦聲
1419,𤕟,疋,True,通也。从爻从疋，疋亦聲。,亦聲,,both,round2,4,通也徔爻疋亦聲,作从爻疋，無从疋；後接卷5
1437,舌,干,True,在口，所以言也、別味也。从干从口，干亦聲。凡舌之屬皆从舌。,未找到,电子本缺文,unknown,round2,4/5,-,舌/干 section missing at end of 卷4 and start of 卷5
1451,拘,句,True,止也。从句从手，句亦聲。,亦聲,,both,round1,,止也从句手句亦聲,
1452,笱,句,True,曲竹捕魚笱也。从竹从句，句亦聲。,亦聲,,both,round1,,曲竹捕魚笱从竹句句亦聲,
1453,鉤,句,True,曲也。从金从句，句亦聲。,亦聲,,both,round2,5,曲也従金句句亦聲,
1455,𦱠,丩,True,艸之相丩者。从茻从丩，丩亦聲。,亦聲,,both,round1,,艸之相丩者从茻丩丩亦聲,
1477,詵,先,True,致言也。从言从先，先亦聲。《詩》曰：“螽斯羽詵詵兮。”,亦聲,,both,round1,,致言也从言先先亦聲詩曰螽斯羽詵詵兮,
1526,詔,召,True,告也。从言从召，召亦聲。,亦聲,疑据大徐补入,unknown,round2,5,告也从言从召召亦聲,"反切作""之紹切""（小徐通例作""反""），疑此条据大徐补入"
1550,警,敬,True,戒也。从言从敬，敬亦聲。,亦聲,,both,round1,,戒也从言敬敬亦聲,
1553,𧧼,宜,True,人所宜也。从言从宜，宜亦聲。,亦聲,,both,round2,5,人所冝也从言宜亦聲也,
1633,𧥣,口,True,扣也。如求婦先𧥣叕之。从言从口，口亦聲。,未找到,电子本缺文,unknown,round2,5,-,no 扣也 or 求婦 anywhere
1724,謎,迷,False,隱語也。从言、迷，迷亦聲。,未找到,新附,unknown,round2,5,-,大徐新附字，小徐無
1745,菐,廾,True,瀆菐也。从丵从廾，廾亦聲。凡菐之屬皆从菐。,未找到,电子本缺文,unknown,round2,5,,僅存僕條注尾，菐條闕
1746,僕,菐,True,給事者。从人从菐，菐亦聲。,未找到,电子本缺文,unknown,round2,5,,釋義缺，只存臣鍇語及盤沃反
1747,𠔯,八,True,賦事也。从菐从八。八，分之也。八亦聲。讀若頒。一曰讀若非。,亦聲,,both,round1,,賦事也从菐从八八分之也八亦聲讀若頒一曰讀若非,
1763,弈,亦,False (亦 false hit),圍棊也。从廾亦聲。《論語》曰：“不有博弈者乎！”,亦聲,,both,round1,,圍棊也从亦聲論語曰不有博弈者乎,
1766,樊,棥,True,鷙不行也。从𠬜从棥，棥亦聲。,亦聲,,both,round2,5,鷙不行也从□棥亦聲,□ is the 𠬜 radical; no 从棥
1778,䢅,辰,True,早昧爽也。从𦥑从辰。辰，時也。辰亦聲。𠃨夕爲𡖊，臼辰爲䢅，皆同意。凡䢅之屬皆从䢅。,亦聲,,both,round2,6,早昧爽也从臼辰辰時也亦聲,同大徐，亦聲前不重出辰
1782,釁,分,True,血祭也。象祭竈也。从爨省，从酉。酉，所以祭也。从分，分亦聲。,未找到,电子本缺文,unknown,round2,6,,爨部至革部首段闕
1789,鞣,柔,True,耎也。从革从柔，柔亦聲。,未找到,电子本缺文,unknown,round2,6,,革部開頭殘缺，鞄至靼均缺
1798,䩡,夾,True,鞮䩡沙也。从革从夾，夾亦聲。,亦聲,,both,round2,6,鞮䩡沙也从革从夾夾亦聲,
1915,𠭥,祟,True,楚人謂卜問吉凶曰𠭥。从又持祟，祟亦聲。讀若贅。,無聲,,daxu_only,round1,,楚人謂卜問吉凶曰从又持祟讀若贅,
1995,整,正,True,齊也。从攴从束从正，正亦聲。,未找到,电子本缺文,unknown,round2,6,-,攴部首至政之間闕文
1998,政,正,True,正也。从攴从正，正亦聲。,未找到,电子本缺文,unknown,round2,6,正也子帥以正孰敢不正,僅存正也與注，析形語闕
2019,㪉,合,True,合會也。从攴从合，合亦聲。,聲,,daxu_only,round2,6,合會也从攴合聲,
2029,敡,易,True,侮也。从攴从易，易亦聲。,未找到,电子本缺文,unknown,round2,6,-,攴部 gap from 敵 to 敗
2032,𣀆,羣,True,朋侵也。从攴从羣，羣亦聲。,未找到,电子本缺文,unknown,round2,6,-,敵後至敗注之間闕文
2034,𢿳,𤔔,True,煩也。从攴从𤔔，𤔔亦聲。,聲,,daxu_only,round2,6,煩也从攴□聲,□當即𤔔；無亦
2041,鼓,壴,True,擊鼓也。从攴从壴，壴亦聲。,亦聲,,both,round2,6,撃皷也从攴壴壴亦聲,臣鍇亦云故云亦聲此㑹意
2075,甫,父,True,男子美稱也。从用、父，父亦聲。,未找到,电子本缺文,unknown,round2,6/7,-,用部 missing; 卷7 starts at 䀠
2125,𢌨,㢟,True,相顧視而行也。从目从㢟，㢟亦聲。,未找到,电子本缺文,unknown,round2,7,-,目部眈、盱一帶俱不見
2169,瞑,冥,True,翕目也。从目、冥，冥亦聲。,亦聲,,both,round2,7,翕目也从目冥冥亦聲,
2185,眇,少,True,一目小也。从目从少，少亦聲。,亦聲,,both,round1,,一目小也从目少亦聲,
2225,齅,臭,True,以鼻就臭也。从鼻从臭，臭亦聲。讀若畜牲之畜。,未找到,电子本缺文,unknown,round2,7,,鼻字頭以後殘缺，接羽部
2230,奭,皕,True,盛也。从大从皕，皕亦聲。此燕召公名。讀若郝。《史篇》名醜。,未找到,电子本缺文,unknown,round2,7,-,gap from 鼻 into 羽部 (翟)
2281,雊,句,True,雄雌鳴也。雷始動，雉鳴而雊其頸。从隹从句，句亦聲。,亦聲,,both,round1,,雌雉鳴也雷始動雉鳴而鴝其頸从隹句句亦聲,
2287,𨿳,人,True,鳥也。从隹，瘖省聲。或从人，人亦聲。,亦聲,,both,round1,,鳥也从隹瘖省聲或从人人亦聲,
2321,𤊾,𥄕,True,火不明也。从𥄕从火，𥄕亦聲。《周書》曰：“布重𤊾席。”織蒻席也。讀與蔑同。,亦聲,,both,round1,,大不明也从苜火苜亦聲周書曰布重席織蒻席也讀與蔑同,
2347,羌,羊,True,西戎牧羊人也。从人从羊，羊亦聲。南方蠻閩从虫，北方狄从犬，東方貉从豸，西方羌从羊：此六種也。西南僰人、僬僥，从人；蓋在坤地，頗有順理之性。唯東夷从大。大，人也。夷俗仁，仁者壽，有君子不死之國。孔子曰：“道不行，欲之九夷，乘桴浮於海。”有以也。,亦聲,,both,round1,,西戎从羊人也从人从羊羊亦聲南方蠻閩从虫北方狄从犬東方貉从豸西方羗从羊此六種也西南𤏡人僬僥从人蓋在坤地頗有順理之性惟東夷从大大人也夷俗仁仁者夀有君子不死之國孔子曰道不行欲之九夷秉桴浮於海以也,
2351,瞿,䀠,True,鷹隼之視也。从隹从䀠，䀠亦聲。凡瞿之屬皆从瞿。讀若章句之句。,未找到,电子本缺文,unknown,round2,7,-,羴部後至鳥部闕文
2492,幽,𢆶,True,隱也。从山中𢆶，𢆶亦聲。,未找到,电子本缺文,unknown,round2,8,,𢆶部不見
2494,叀,屮,True,專小謹也。从幺省；屮，財見也；屮亦聲。凡叀之屬皆从叀。,未找到,电子本缺文,unknown,round2,8,,卷8冓至玄之間缺幺𢆶叀部
2501,舒,予,True,伸也。从舍从予，予亦聲。一曰舒，緩也。,聲,,daxu_only,round1,,伸也从舍予聲一曰舒緩也,
2518,𠭘,井,True,坑也。从𣦼从井，井亦聲。,未找到,电子本缺文,unknown,round2,8,-,𣦼部 lost between 敢 and 歺
2533,殯,賓,True,死在棺，將遷葬柩，賓遇之。从歺从賓，賓亦聲。夏后殯於阼階，殷人殯於兩楹之閒，周人殯於賓階。,亦聲,,both,round1,,死在棺將遷葬柩賔遇之从歺賔賔亦聲夏后殯於阼階殷人殯於兩楹之間周人殯於賔階,
2694,腥,星,True,星見食豕，令肉中生小息肉也。从肉从星，星亦聲。,未找到,电子本缺文,unknown,round2,8,-,膮後闕文(脂亦缺)
2726,腔,空,False,内空也。从肉从空，空亦聲。,未找到,新附,unknown,round2,8,,脧腔一段不見
2765,剝,录,True,裂也。从刀从录。录，刻割也。录亦聲。,聲,,daxu_only,round2,8,裂也从刀录聲一曰录剋割也,
2768,劃,畫,True,錐刀曰劃。从刀从畫，畫亦聲。,亦聲,,both,round2,8,錐刀也从刀畫畫亦聲,
2771,劑,齊,True,齊也。从刀从齊，齊亦聲。,聲,,daxu_only,round1,,齊也从刀齊聲,
2794,刺,朿,True,君殺大夫曰刺。刺，直傷也。从刀从朿，朿亦聲。,未找到,电子本缺文,unknown,round2,8,-,刀部㓠後至刃部闕文
2984,筑,竹,True,以竹曲五弦之樂也。从竹从𢀜。𢀜，持之也。竹亦聲。,未找到,电子本缺文,unknown,round2,9,,籟條下脫文，僅存筑陟祝反
2989,簺,塞,True,行棊相塞謂之簺。从竹从塞，塞亦聲。,亦聲,,both,round1,,行棊相塞謂之簺从竹塞塞亦聲,
3006,䢋,丌,True,古之遒人，以木鐸記詩言。从辵从丌，丌亦聲。讀與記同。,亦聲,,both,round1,,古之道人以木鐸記詩言从辵从丌丌亦聲讀與記同,
3024,𤯌,甘,True,和也。从甘从麻。麻，調也。甘亦聲。讀若函。,未找到,电子本缺文,unknown,round2,9,,釋義缺，只存庚堪反前殘註
3028,𣆑,冊,True,告也。从曰从冊，冊亦聲。,無聲,,daxu_only,round2,9,告也从册曰,commentary: 㑹意
3041,可,丂,True,𦘫也。从口丂，丂亦聲。凡可之屬皆从可。,亦聲,,both,round2,9,肎也从口亦聲也,"缺丂字：作""从口亦聲"""
3055,𠮱,亏,True,驚語也。从口从亏，亏亦聲。,亦聲,,both,round1,,驚語也从口从亏亏亦聲,
3060,憙,喜,True,說也。从心从喜，喜亦聲。,亦聲,,both,round1,,恱也从心喜喜亦聲,
3078,愷,豈,True,康也。从心、豈，豈亦聲。,亦聲,,both,round2,9,康也从心豈豈亦聲,卷20心部另有康也从心豈聲
3092,𧈚,㿾,True,器也。从䖒、㿾，㿾亦聲。闕。,亦聲,,both,round2,9,器也从䖒㿾㿾亦聲,
3168,主,丶,True,鐙中火主也。从纹，象形。从丶，丶亦聲。,亦聲,,both,round1,,鐙中火主也从象形从丨丨亦聲,
3169,咅,否,True,相與語，唾而不受也。从丶从否，否亦聲。,亦聲,,both,round1,,相與語唾而不受也从否从丨否亦聲,
3177,阱,井,True,陷也。从𨸏从井，井亦聲。,未找到,电子本缺文,unknown,round2,10,-,井部 breaks off after 井 heading
3178,㓝,井,True,罰辠也。从井从刀。《易》曰：“井，法也。”井亦聲。,未找到,电子本缺文,unknown,round2,10,-,井部首後闕文(阱亦缺)
3218,饗,鄉,True,鄉人飲酒也。从食从鄉，鄉亦聲。,未找到,电子本缺文,unknown,round2,10,,饋饗饛一段不見
3246,餽,鬼,True,吳人謂祭曰餽。从食从鬼，鬼亦聲。,亦聲,,both,round2,10,呉人謂祭曰餽从食鬼鬼亦聲,
3261,䢈,辰,True,日月合宿从辰。从會从辰，辰亦聲。,未找到,电子本缺文,unknown,round2,10,-,會部 jumps straight to 入部
3365,舜,舛,True,艸也。楚謂之葍，秦謂之藑。蔓地連華。象形。从舛，舛亦聲。凡䑞之屬皆从䑞。(今隸變作舜。),亦聲,,both,round1,,艸也楚謂之葍秦謂之藑蔓地連華象形从舛亦聲凡䑞之屬皆从䑞,
3652,柵,冊,True,編樹木也。从木从冊，冊亦聲。,聲,,daxu_only,round2,11,編樹木从木冊聲,
3786,枰,平,True,平也。从木从平，平亦聲。,未找到,电子本缺文,unknown,round2,11,,僅存鍇注枰語，許說闕
3802,杽,手,True,械也。从木从手，手亦聲。,亦聲,,both,round1,,械也从木手手亦聲,
3850,糶,䊮,True,出穀也。从出从䊮，䊮亦聲。,未找到,电子本缺文,unknown,round2,12,,出部缺，賣𦤙也找不到
3967,貧,分,True,財分少也。从貝从分，分亦聲。,聲,,daxu_only,round1,,財分少也从貝分聲,
3998,鄯,善,True,鄯善，西胡國也。从邑从善，善亦聲。,亦聲,,both,round1,,鄯善西胡國也从邑善善亦聲,
4189,晛,見,True,日見也。从日从見，見亦聲。《詩》曰：“見晛曰消。”,亦聲,,both,round2,13,日見也从日見見亦聲,
4248,晬,卒,False,周年也。从日、卒，卒亦聲。,未找到,新附,unknown,round2,13,-,大徐新附字，小徐無
4280,旄,毛,True,幢也。从㫃从毛，毛亦聲。,聲,,daxu_only,round1,,幢也从㫃毛聲,
4325,圅,𢎘,True,舌也。象形。舌體𢎘。𢎘从𢎘，𢎘亦聲。,未找到,电子本缺文,unknown,round2,13,,𢎘部不見
4329,𣐺,𢎘,True,木垂華實。从木、𢎘，𢎘亦聲。凡𣐺之屬皆从𣐺。,亦聲,,both,round2,13,木垂華實也从木□□亦聱,□代𢎘；聱當作聲
4634,窞,臽,True,坎中小坎也。从穴从臽，臽亦聲。《易》曰：“入于坎窞。”一曰㫄入也。,未找到,电子本缺文,unknown,round2,14,-,after 窳 the text jumps to 突
4640,竀,正,True,正視也。从穴中正見也，正亦聲。,未找到,电子本缺文,unknown,round2,14,-,穴部窳至突之間闕文
4726,瘧,虐,True,熱寒休作。从疒从虐，虐亦聲。,未找到,电子本缺文,unknown,round2,14,,僅存魚謔反，正文闕
4776,冠,元,True,絭也。所以絭髮，弁冕之緫名也。从冂从元，元亦聲。冠有法制，从寸。,亦聲,,both,round1,,絭也所以絭髪弁冕之惣名从冂元元亦聲冠有法制从寸,
4777,冣,取,True,積也。从冂从取，取亦聲。,亦聲,,both,round1,,積也从冂取取亦聲,
4789,兩,㒳,True,二十四銖爲一兩。从一；㒳，平分，亦聲。,亦聲,,both,round1,,二十四銖為一兩从一从㒳兩平分也㒳亦聲,
4794,𦌾,繯,True,网也。从网、繯，繯亦聲。一曰綰也。,亦聲,,both,round1,,网也从网繯繯亦聲也一曰綰也,
4804,羀,畱,True,曲梁寡婦之笱。魚所畱也。从网、畱，畱亦聲。,聲,,daxu_only,round1,,曲梁寡婦之笱魚所畱也从网畱聲,
4896,帟,亦,False (亦 false hit),在上曰帟。从巾亦聲。,未找到,电子本缺文,unknown,round2,14,,巾部有幕無帟，未見从巾亦
4919,敝,㡀,True,帗也。一曰敗衣。从攴从㡀，㡀亦聲。,未找到,电子本缺文,unknown,round2,14,-,㡀部 missing; 白部 runs into 黹
4944,仲,中,True,中也。从人从中，中亦聲。,未找到,电子本缺文,unknown,round2,15,-,人部儒至伊之間闕文
5030,傾,頃,True,仄也。从人从頃，頃亦聲。,未找到,电子本缺文,unknown,round2,15,,人部此段不見
5141,係,系,True,絜束也。从人从系，系亦聲。,聲,,daxu_only,round2,15,絜束也从人系聲,
5157,像,象,True,象也。从人从象，象亦聲。讀若養。,未找到,电子本缺文,unknown,round2,15,-,not in Xiao Xu 人部
5164,僊,䙴,True,長生僊去。从人从䙴，䙴亦聲。,聲,,daxu_only,round2,15,長生者僊去也从人䙴聲,
5179,儈,會,False,合市也。从人、會，會亦聲。,未找到,新附,unknown,round2,15,,人部此段不見
5180,低,氐,False,下也。从人、氐，氐亦聲。,未找到,新附,unknown,round2,15,,大徐新附字，儈債也找不到
5181,債,責,False,債負也。从人、責，責亦聲。,未找到,新附,unknown,round2,15,-,not in Xiao Xu 人部
5182,價,賈,False,物直也。从人、賈，賈亦聲。,未找到,新附,unknown,round2,15,-,大徐新附字，小徐無
5184,僦,就,False,賃也。从人、就，就亦聲。,未找到,新附,unknown,round2,15,,人部此段不見
5192,化,𠤎,True,教行也。从𠤎从人，𠤎亦聲。,亦聲,,both,round2,15,敎行也从人从匕匕亦聲,𠤎作匕
5203,從,从,True,隨行也。从辵、从，从亦聲。,未找到,电子本缺文,unknown,round2,15,-,"从部 has heading only, then 北"
5302,衵,日,True,日日所常衣。从衣从日，日亦聲。,亦聲,,both,round1,,日日所常衣从衣从日亦日聲,"第一轮误判：小徐作""从衣从日亦日聲""，即亦聲，只是语序不同"
5317,𧝉,黹,True,紩衣也。从衣、黹，黹亦聲。,亦聲,,both,round1,,反紩衣从衣黹黹亦聲,
5460,覽,監,True,觀也。从見、監，監亦聲。,亦聲,,both,round1,,觀也从見監亦聲,
5522,歊,高,True,歊歊，气出皃。从欠、高，高亦聲。,亦聲,,both,round2,16,歊气出皃从欠高高亦聲,
5535,𣣸,𠧴,True,言意也。从欠从𠧴，𠧴亦聲。讀若酉。,亦聲,,both,round2,16,言意从欠从亦聲讀若酉,𠧴字脫（非□），僅存亦聲
5557,欥,曰,True,詮詞也。从欠从曰，曰亦聲。《詩》曰：“欥求厥寕。”,亦聲,,both,round1,,宻反詮詞从欠曰曰亦聲詩曰欥求厥寜,
5622,𩑦,𠬸,True,内頭水中也。从頁、𠬸，𠬸亦聲。,亦聲,,both,round1,,内頭水中从頁亦聲,
5668,靦,見,True,面見也。从面、見，見亦聲。《詩》曰：“有靦面目。”,亦聲,,both,round2,17,靣見也从靣見亦聲,
5680,䫇,冄,True,頰須也。从須从冄，冄亦聲。,亦聲,,both,round1,,頰須也从冄冄亦聲,
5687,彰,章,True,文彰也。从彡从章，章亦聲。,聲,,daxu_only,round2,17,文章也从彡章聲,auto_guess correct
5742,㖃,后,True,厚怒聲。从口、后，后亦聲。,未找到,电子本缺文,unknown,round2,17,-,后部首後至巵部闕文
5782,匌,合,True,帀也。从勹从合，合亦聲。,未找到,电子本缺文,unknown,round2,17,,勹部至匓前闕
5808,魑,离,False,鬼屬。从鬼从离，离亦聲。,未找到,新附,unknown,round2,17,,大徐新附字；鬼部止於魋
5886,屵,厂,True,岸高也。从山、厂，厂亦聲。凡屵之屬皆从屵。,亦聲,,both,round1,,岸髙也从山厂厂亦聲凡屵之屬皆从屵,
6148,馼,文,True,馬赤鬣縞身，目若黃金，名曰𩢌。吉皇之乘，周文王時，犬戎獻之。从馬从文，文亦聲。《春秋傳》曰：“𩢌馬百駟。”畫馬也。西伯獻紂，以全其身。,亦聲,,both,round1,,馬赤鬛縞身囙若黄金名曰吉皇之乗周文王時犬戎獻之从馬文文亦聲春秋傳曰馬百駟畫馬也西伯獻紂以全其身,
6283,𤟟,音,True,竇中犬聲。从犬从音，音亦聲。,亦聲,,both,round1,,竇中犬聲从犬从音音亦聲,
6303,𤞛,壯,True,妄彊犬也。从犬从壯，壯亦聲。,未找到,电子本缺文,unknown,round2,19,-,狀/獒 also absent from 犬部
6448,煣,柔,True,屈申木也。从火、柔，柔亦聲。,亦聲,,both,round1,,屈申木也从火柔柔亦聲,
6449,燓,棥,True,燒田也。从火、棥，棥亦聲。,亦聲,,both,round1,,燒田也从火棥棥亦聲,
6546,悤,囪,True,多遽悤悤也。从心、囪，囪亦聲。,亦聲,,both,round2,19,多遽怱怱也从心囱囱亦聲,
6562,赩,色,False,大赤也。从赤、色，色亦聲。,未找到,新附,unknown,round2,19,,赤部文八止於赫，無赩
6596,尳,骨,True,厀病也。从尣从骨，骨亦聲。,亦聲,,both,round2,20,膝病从尣骨骨亦聲,
6613,執,㚔,True,捕罪人也。从丮从㚔，㚔亦聲。,亦聲,,both,round1,,捕罪人也从丮㚔㚔亦聲,
6621,𠅣,亢,True,直項莽𠅣皃。从亢从夋。夋，倨也。亢亦聲。,亦聲,,both,round2,20,直項莽皃从亢从夋夋倨也亢亦聲,
6629,𥉁,䀠,True,舉目驚𥉁然也。从夰从䀠，䀠亦聲。,無聲,,daxu_only,round2,20,舉目驚然也从䀠从夰,字頭後脫；無亦聲
6630,奡,夰,True,嫚也。从𦣻从夰，夰亦聲。《虞書》曰：“若丹朱奡。”讀若傲。《論語》：“奡湯舟。”,亦聲,,both,round1,,嫚也从□从夰夰亦聲虞書曰者丹朱奡讀若傲論語奡盪舟,
6631,昦,夰,True,春爲昦天，元气昦昦。从日、夰，夰亦聲。,亦聲,,both,round1,,春爲昦天元气昦昦从日夰夰亦聲,
6634,奕,亦,False (亦 false hit),大也。从亣亦聲。《詩》曰：“奕奕梁山。”,亦聲,,both,round1,,大也从大亦聲詩曰奕奕梁山,
6635,奘,壯,True,駔大也。从亣从壯，壯亦聲。,聲,,daxu_only,round2,20,駔大也从大壯聲,
6671,息,自,True,喘也。从心从自，自亦聲。,未找到,电子本缺文,unknown,round2,20,,心部開頭缺至情字註
6709,憼,敬,True,敬也。从心从敬，敬亦聲。,亦聲,,both,round2,20,敬也从心敬敬亦聲,
6719,懬,廣,True,闊也。一曰廣也，大也。一曰寬也。从心从廣，廣亦聲。,亦聲,,both,round2,20,闊也一曰廣也大也从心廣廣亦聲,"無""一曰寬也"""
6780,𢛆,弦,True,急也。从心从弦，弦亦聲。河南密縣有𢛆亭。,聲,,daxu_only,round2,20,急也从心弦聲,
6796,懝,疑,True,騃也。从心从疑，疑亦聲。一曰惶也。,未找到,电子本缺文,unknown,round2,20,,心部此段缺；卷5譺是別字
6810,忘,亡,True,不識也。从心从亡，亡亦聲。,未找到,电子本缺文,unknown,round2,20,-,心部 gap (怠/懈/忽/忘 absent)
6861,愾,氣,True,大息也。从心从氣，氣亦聲。《詩》曰：“愾我寤歎。”,亦聲,,both,round2,20,太息也从心氣氣亦聲,
6902,患,吅,True,憂也。从心上貫吅，吅亦聲。,亦聲,,both,round1,,憂也从心上貫吅吅亦聲,
6903,恇,匡,True,怯也。从心、匡，匡亦聲。,亦聲,,both,round2,20,怯也从心匡匡亦聲,
7109,汭,内,True,水相入也。从水从内，内亦聲。,聲,,daxu_only,round1,,水相入也从水内聲,
7131,泬,穴,True,水从孔穴疾出也。从水从穴，穴亦聲。,無聲,,daxu_only,round2,21,水从孔疾出也从水宂,宂當即穴，無聲字
7137,洸,光,True,水涌光也。从水从光，光亦聲。《詩》曰：“有洸有潰。”,亦聲,,both,round1,,水涌光也从水光光亦聲詩曰在洸有潰,
7212,派,𠂢,True,別水也。从水从𠂢，𠂢亦聲。,亦聲,,both,round2,21,别水也从水□□亦聲,□ for 𠂢; commentary 匹賣反
7378,汲,及,True,引水於井也。从水从及，及亦聲。,聲,,daxu_only,round2,21,引水于井也从水及聲,
7393,㵞,愁,True,腹中有水气也。从水从愁，愁亦聲。,聲,,daxu_only,round2,21,腹中有水气也从水愁聲,
7406,泮,半,True,諸矦鄉射之宮，西南爲水，東北爲牆。从水从半，半亦聲。,亦聲,,both,round2,21,諸侯饗射之宫也西南為水東北為墻从水半半亦聲,
7409,萍,苹,True,苹也。水艸也。从水、苹，苹亦聲。,亦聲,,both,round2,21,革水艸也从水革苹亦聲,革 miscopied for 苹
7434,涯,厓,False,水邊也。从水从厓，厓亦聲。,未找到,新附,unknown,round2,21,-,大徐新附字，小徐無
7667,否,不,True,不也。从口从不，不亦聲。,未找到,电子本缺文,unknown,round2,23,,不部闕；卷3口部否作从口不聲
7738,閽,昏,True,常以昏閉門隸也。从門从昏，昏亦聲。,聲,,daxu_only,round2,23,常㠯昏閉門隷也从門昏聲,
7862,挻,延,True,長也。从手从延，延亦聲。,聲,,daxu_only,round1,,長也从手延聲,
7873,授,受,True,予也。从手从受，受亦聲。,聲,,daxu_only,round2,23,予也从手受聲,auto_guess correct
8024,㩓,毀,True,傷擊也。从手、毀，毀亦聲。,聲,,daxu_only,round2,23,傷擊也从手毀聲,
8042,拲,共,True,兩手同械也。从手从共，共亦聲。《周禮》：“上辠，梏拲而桎。”,未找到,电子本缺文,unknown,round2,23,,挌拲掫一段不見
8070,姓,生,True,人所生也。古之神聖母，感天而生子，故稱天子。从女从生，生亦聲。《春秋傳》曰：“天子因生以賜姓。”,未找到,电子本缺文,unknown,round2,24,,卷24起於姓註尾，釋義缺
8086,娶,取,True,取婦也。从女从取，取亦聲。,聲,,daxu_only,round2,24,取婦也从女取聲,auto_guess correct
8087,婚,昏,True,婦家也。《禮》：娶婦以昏時，婦人陰也，故曰婚。从女从昏，昏亦聲。,無聲,,daxu_only,round2,24,婦家也从女昏禮娶婦以昏時婦人隂故曰婚,作从女昏，無聲字
8088,姻,因,True,壻家也。女之所因，故曰姻。从女从因，因亦聲。,聲,,daxu_only,round2,24,壻家也女之所因故曰姻从女因聲,
8093,妊,壬,True,孕也。从女从壬，壬亦聲。,亦聲,,both,round2,24,孕也从女壬壬亦聲,
8109,娣,弟,True,女弟也。从女从弟，弟亦聲。,未找到,电子本缺文,unknown,round2,24,-,女部 gap from 威 to 奴
8120,婢,卑,True,女之卑者也。从女从卑，卑亦聲。,亦聲,,both,round1,,女之卑者从女卑卑亦聲,
8145,媄,美,True,色好也。从女从美，美亦聲。,聲,,daxu_only,round2,24,色好也从女羙聲,
8298,奸,干,True,犯婬也。从女从干，干亦聲。,亦聲,,both,round2,24,犯滛从女干干亦聲,
8381,匹,八,True,四丈也。从八、匸。八揲一匹，八亦聲。,未找到,电子本缺文,unknown,round2,24,,匸部缺，亡部後接匚籀文
8567,䋛,米,True,繡文如聚細米也。从糸从米，米亦聲。,未找到,电子本缺文,unknown,round2,25,-,卷25 supplement; gap after 繡
8710,緉,兩,True,履兩枚也。一曰絞也。从糸从兩，兩亦聲。,亦聲,卷二十五据大徐补,unknown,round2,25,履兩枚也一曰絞也从糸从兩兩亦聲,卷25，補自大徐
8763,螟,冥,True,蟲食穀葉者。吏冥冥犯法卽生螟。从虫从冥，冥亦聲。,亦聲,卷二十五据大徐补,unknown,round2,25,蟲食榖葉者吏冥冥犯法即生螟从虫从冥冥亦聲,卷25據大徐補
8764,蟘,貸,True,蟲，食苗葉者。吏乞貸則生蟘。从虫从貸，貸亦聲。《詩》曰：“去其螟蟘。”,亦聲,卷二十五据大徐补,unknown,round2,25,蟲食苗葉者吏乞貸則生蟘从虫从貸貸亦聲,卷25，據大徐補
8850,𧐂,食,True,敗創也。从虫、人、食，食亦聲。,亦聲,卷二十五据大徐补,unknown,round2,25,敗創也从虫人食食亦聲,卷25 supplement (from Da Xu)
8939,䬍,忽,True,疾風也。从風从忽，忽亦聲。,亦聲,卷二十五据大徐补,unknown,round2,25,疾風也从風从忽忽亦聲,卷25，補自大徐
8956,鼀,圥,True,圥鼀，詹諸也。其鳴詹諸，其皮鼀鼀，其行圥圥。从黽从圥，圥亦聲。,亦聲,卷二十五据大徐补,unknown,round2,25,圥鼀詹諸也其鳴詹諸其皮鼀鼁其行圥圥从黽从圥圥亦聲,卷25據大徐補
8982,坪,平,True,地平也。从土从平，平亦聲。,聲,,daxu_only,round2,26,地平也从土平聲,
8983,均,勻,True,平徧也。从土从勻，勻亦聲。,聲,,daxu_only,round2,26,平徧也从土匀聲,
9031,墨,黑,True,書墨也。从土从黑，黑亦聲。,無聲,,daxu_only,round2,26,書墨也从土黒,鍇注：㑹意
9036,城,成,True,以盛民也。从土从成，成亦聲。,亦聲,,both,round1,,㠯盛民也从土成成亦聲,
9156,黃,炗,True,地之色也。从田从炗，炗亦聲。炗，古文光。凡黃之屬皆从黃。,未找到,电子本缺文,unknown,round2,26,,畺後即接男部舅，黃部闕
9167,功,工,True,以勞定國也。从力从工，工亦聲。,聲,,daxu_only,round2,26,㠯劳㝎國也从力工聲,
9183,勶,徹,True,發也。从力从徹，徹亦聲。,亦聲,,both,round2,26,發也从力徹徹亦聲,
9280,釦,口,True,金飾器口。从金从口，口亦聲。,亦聲,,both,round1,,金餙器口从金口口亦聲,
9293,鏨,斬,True,小鑿也。从金从斬，斬亦聲。,亦聲,,both,round2,27,小鑿也从金斬斬亦聲,
9334,鈴,令,True,令丁也。从金从令，令亦聲。,其他聲,,daxu_only,round2,27,鈐釘也从金今聲,今當即令之訛，連丁反；無亦
9405,鍒,柔,True,𨮯之耎也。从金从柔，柔亦聲。,未找到,电子本缺文,unknown,round2,27,,金部鉅以後殘缺，接幵部
9453,㪵,半,True,量物分半也。从斗从半，半亦聲。,亦聲,,both,round2,27,量物分半也从斗半亦聲,no 从半
9485,䡊,反,True,車耳反出也。从車从反，反亦聲。,聲,,daxu_only,round2,27,車耳反出也从車反聲,
9542,轚,毄,True,車轄相擊也。从車从毄，毄亦聲。《周禮》曰：“舟輿擊互者。”,亦聲,,both,round2,27,車轄相擊也从車毄毄亦聲,
9576,陸,坴,True,高平地。从𨸏从坴，坴亦聲。,聲,,daxu_only,round2,28,髙平地从□坴聲,□代𨸏
9595,陷,臽,True,高下也。一曰陊也。从𨸏从臽，臽亦聲。,聲,,daxu_only,round2,28,高下也从□臽聲一曰陟,□ is 𨸏; 陟 for Da Xu 陊
9605,𨻺,頃,True,仄也。从𨸏从頃，頃亦聲。,聲,,daxu_only,round2,28,仄也从□頃聲,□當為𨸏
9615,阢,兀,True,石山戴土也。从𨸏从兀，兀亦聲。,其他聲,,daxu_only,round2,28,石山載土也从□几聲,几當即兀之訛；無亦
9649,隙,𡭴,True,壁際孔也。从𨸏从𡭴，𡭴亦聲。,聲,,daxu_only,round2,28,壁際孔也从□□聲,□聲，無亦；□當作𡭴
9720,字,子,True,乳也。从子在宀下，子亦聲。,亦聲,,both,round2,28,乳也愛也从宀子子亦聲,auto_guess wrong: its 从子聲 is 㝅
9724,季,稚,True,少偁也。从子，从稚省，稚亦聲。,亦聲,,both,round2,28,少偁从子稚省稚亦聲,
9740,疏,疋,True,通也。从𡿮从疋，疋亦聲。,亦聲,,both,round1,,通也从㐬从疋疋亦聲,
9743,羞,丑,True,進獻也。从羊，羊，所進也；从丑，丑亦聲。,亦聲,,both,round1,,進獻也从羊羊所進也从丑丑亦聲,
9758,酒,酉,True,就也，所以就人性之善惡。从水从酉，酉亦聲。一曰造也，吉凶所造也。 古者儀狄作酒醪，禹嘗之而美，遂䟽儀狄。杜康作秫酒。,未找到,电子本缺文,unknown,round2,28,,臾之後至𨢊間闕，酉酒不見
9794,酣,甘,True,酒樂也。从酉从甘，甘亦聲。,聲,,daxu_only,round1,,酒樂也从酉甘聲,
