group,series,char,ids,guangyun_all_readings,code_core,note,src
layer2_later,戔,㟞,⿰山戔,崇開二山上 士限切 dzreanX,,非《说文》字头；未编码,IDS: cjkvi-ids; 广韵: tshet-uinh 0.15.1
layer2_later,戔,䎒,⿰羽戔,莊開二刪上 側板切 tsraenX | 章開三仙上 旨善切 tsyenX,,非《说文》字头；未编码,IDS: cjkvi-ids; 广韵: tshet-uinh 0.15.1
layer2_later,戔,䏼,⿰月戔,從開一寒平 昨干切 dzan | 從開一寒去 徂贊切 dzanH,,非《说文》字头；未编码,IDS: cjkvi-ids; 广韵: tshet-uinh 0.15.1
layer2_later,戔,䗃,⿰虫戔,崇開二刪上 士板切 dzraenX | 崇開二刪去 士諫切 dzraenH,,非《说文》字头；未编码,IDS: cjkvi-ids; 广韵: tshet-uinh 0.15.1
layer2_later,戔,䴼,⿰麥戔,初開二刪去 初鴈切 tsrhaenH,,非《说文》字头；未编码,IDS: cjkvi-ids; 广韵: tshet-uinh 0.15.1
layer2_later,戔,牋,⿰片戔,精開四先平 則前切 tsen,,非《说文》字头；未编码,IDS: cjkvi-ids; 广韵: tshet-uinh 0.15.1
layer2_later,戔,盞,⿱戔皿,莊開二山上 阻限切 tsreanX,,非《说文》字头；未编码,IDS: cjkvi-ids; 广韵: tshet-uinh 0.15.1
layer2_later,戔,虥,⿰虎戔,崇開二山平 士山切 dzrean | 崇開二山平 昨閑切 dzrean | 崇開二山上 士限切 dzreanX | 崇開二刪去 士諫切 dzraenH,,非《说文》字头；未编码,IDS: cjkvi-ids; 广韵: tshet-uinh 0.15.1
layer2_later,戔,輚,⿰車戔,崇開二山上 士限切 dzreanX | 崇開二刪去 士諫切 dzraenH,,非《说文》字头；未编码,IDS: cjkvi-ids; 广韵: tshet-uinh 0.15.1
layer2_later,戔,𤷃,⿸疒戔,從開三仙上 慈演切 dzjenX,,非《说文》字头；未编码,IDS: cjkvi-ids; 广韵: tshet-uinh 0.15.1
layer2_later,戔,𧣴,⿰角戔,莊開二山上 阻限切 tsreanX,,非《说文》字头；未编码,IDS: cjkvi-ids; 广韵: tshet-uinh 0.15.1
layer2_later,戔,𧮺,⿰谷戔,崇開二刪去 士諫切 dzraenH,,非《说文》字头；未编码,IDS: cjkvi-ids; 广韵: tshet-uinh 0.15.1
layer2_later,戔,𨵊,⿵門戔,崇開三仙入 士列切 dzrjet,,非《说文》字头；未编码,IDS: cjkvi-ids; 广韵: tshet-uinh 0.15.1
layer2_later,戔,𪘪,⿰齒戔,崇開二刪上 士板切 dzraenX,,非《说文》字头；未编码,IDS: cjkvi-ids; 广韵: tshet-uinh 0.15.1
layer2_later,侖,䈁,⿱竹侖,來合三真平 力迍切 lwin,,非《说文》字头；未编码,IDS: cjkvi-ids; 广韵: tshet-uinh 0.15.1
layer2_later,侖,䑳,⿰舟侖,來合三真平 力迍切 lwin,,非《说文》字头；未编码,IDS: cjkvi-ids; 广韵: tshet-uinh 0.15.1
layer2_later,侖,崘,⿰山侖,來合一魂平 盧昆切 lwon,,非《说文》字头；未编码,IDS: cjkvi-ids; 广韵: tshet-uinh 0.15.1
layer2_later,侖,碖,⿰石侖,來合一魂上 盧本切 lwonX | 來合一魂去 盧困切 lwonH,,非《说文》字头；未编码,IDS: cjkvi-ids; 广韵: tshet-uinh 0.15.1
layer2_later,侖,耣,⿰耒侖,來合三真上 力準切 lwinX,,非《说文》字头；未编码,IDS: cjkvi-ids; 广韵: tshet-uinh 0.15.1
layer2_later,侖,菕,⿱艹侖,來合一魂平 盧昆切 lwon,,非《说文》字头；未编码,IDS: cjkvi-ids; 广韵: tshet-uinh 0.15.1
layer2_later,侖,踚,⿰𧾷侖,來合三真平 力迍切 lwin,,非《说文》字头；未编码,IDS: cjkvi-ids; 广韵: tshet-uinh 0.15.1
layer2_later,侖,鯩,⿰魚侖,來合三真平 力迍切 lwin,,非《说文》字头；未编码,IDS: cjkvi-ids; 广韵: tshet-uinh 0.15.1
layer2_later,農,䃩,⿰石農,孃開二肴平 女交切 nraew,,非《说文》字头；未编码,IDS: cjkvi-ids; 广韵: tshet-uinh 0.15.1
layer2_later,農,儂,⿰亻農,泥一冬平 奴冬切 nowng,,非《说文》字头；未编码,IDS: cjkvi-ids; 广韵: tshet-uinh 0.15.1
layer2_later,農,噥,⿰口農,泥一冬平 奴冬切 nowng | 孃二江平 女江切 nraewng,,非《说文》字头；未编码,IDS: cjkvi-ids; 广韵: tshet-uinh 0.15.1
layer2_later,農,嶩,⿰山農,泥開一豪平 奴刀切 naw,,非《说文》字头；未编码,IDS: cjkvi-ids; 广韵: tshet-uinh 0.15.1
layer2_later,農,憹,⿰忄農,泥一冬平 奴冬切 nowng,,非《说文》字头；未编码,IDS: cjkvi-ids; 广韵: tshet-uinh 0.15.1
layer2_later,農,檂,⿰木農,孃三鍾平 女容切 nrjowng,,非《说文》字头；未编码,IDS: cjkvi-ids; 广韵: tshet-uinh 0.15.1
layer2_later,農,穠,⿰禾農,孃三鍾平 女容切 nrjowng | 日三鍾平 而容切 nyowng,,非《说文》字头；未编码,IDS: cjkvi-ids; 广韵: tshet-uinh 0.15.1
layer2_later,農,𨑊,⿰多農,孃三鍾平 女容切 nrjowng | 泥一東上 奴動切 nuwngX,,非《说文》字头；未编码,IDS: cjkvi-ids; 广韵: tshet-uinh 0.15.1
layer2_later,農,𨲳,⿰镸農,孃三鍾平 女容切 nrjowng,,非《说文》字头；未编码,IDS: cjkvi-ids; 广韵: tshet-uinh 0.15.1
layer2_later,農,𩅽,⿱雨農,泥一冬平 奴冬切 nowng,,非《说文》字头；未编码,IDS: cjkvi-ids; 广韵: tshet-uinh 0.15.1
layer2_later,農,𩟊,⿰飠農,泥一冬平 奴冬切 nowng | 孃二江平 女江切 nraewng,,非《说文》字头；未编码,IDS: cjkvi-ids; 广韵: tshet-uinh 0.15.1
layer2_later,農,𩼅,⿰魚農,日三鍾去 而用切 nyowngH,,非《说文》字头；未编码,IDS: cjkvi-ids; 广韵: tshet-uinh 0.15.1
layer2_later,農,𪒬,⿰黑農,孃三鍾平 女容切 nrjowng,,非《说文》字头；未编码,IDS: cjkvi-ids; 广韵: tshet-uinh 0.15.1
layer2_later,句,䑦,⿰舟句,見一侯平 古侯切 kuw,,非《说文》字头；未编码,IDS: cjkvi-ids; 广韵: tshet-uinh 0.15.1
layer2_later,句,䝭,⿰貝句,見一侯去 古候切 kuwH,,非《说文》字头；未编码,IDS: cjkvi-ids; 广韵: tshet-uinh 0.15.1
layer2_later,句,䞤,⿺走句,羣合三C虞平 其俱切 gju | 滂三C虞上 芳武切 phjuX,,非《说文》字头；未编码,IDS: cjkvi-ids; 广韵: tshet-uinh 0.15.1
layer2_later,句,䧁,⿰阝句,羣合三C虞平 其俱切 gju | 曉合三C虞上 況羽切 xjuX,,非《说文》字头；未编码,IDS: cjkvi-ids; 广韵: tshet-uinh 0.15.1
layer2_later,句,呴,⿰口句,曉一侯上 呼后切 xuwX | 曉合三C虞去 香句切 xjuH,,非《说文》字头；未编码,IDS: cjkvi-ids; 广韵: tshet-uinh 0.15.1
layer2_later,句,夠,⿰多句,溪一侯平 恪侯切 khuw | 見一侯平 古侯切 kuw,,非《说文》字头；未编码,IDS: cjkvi-ids; 广韵: tshet-uinh 0.15.1
layer2_later,句,岣,⿰山句,見合三C虞平 舉朱切 kju | 見一侯上 古厚切 kuwX,,非《说文》字头；未编码,IDS: cjkvi-ids; 广韵: tshet-uinh 0.15.1
layer2_later,句,怐,⿰忄句,見合三C虞去 九遇切 kjuH | 溪一侯去 苦候切 khuwH | 見一侯去 古候切 kuwH | 曉一侯去 呼漏切 xuwH,,非《说文》字头；未编码,IDS: cjkvi-ids; 广韵: tshet-uinh 0.15.1
layer2_later,句,眗,⿰目句,見合三C虞平 舉朱切 kju,,非《说文》字头；未编码,IDS: cjkvi-ids; 广韵: tshet-uinh 0.15.1
layer2_later,句,胊,⿰月句,羣合三C虞平 其俱切 gju,,非《说文》字头；未编码,IDS: cjkvi-ids; 广韵: tshet-uinh 0.15.1
layer2_later,句,豞,⿰豕句,曉一侯去 呼漏切 xuwH | 曉二江入 許角切 xaewk,,非《说文》字头；未编码,IDS: cjkvi-ids; 广韵: tshet-uinh 0.15.1
layer2_later,句,豿,⿰豸句,見一侯上 古厚切 kuwX,,非《说文》字头；未编码,IDS: cjkvi-ids; 广韵: tshet-uinh 0.15.1
layer2_later,句,鮈,⿰魚句,見合三C虞平 舉朱切 kju,,非《说文》字头；未编码,IDS: cjkvi-ids; 广韵: tshet-uinh 0.15.1
layer2_later,句,齁,⿰鼻句,曉一侯平 呼侯切 xuw,,非《说文》字头；未编码,IDS: cjkvi-ids; 广韵: tshet-uinh 0.15.1
layer2_later,句,𠣪,⿰句句,羣合三C虞平 其俱切 gju,,非《说文》字头；未编码,IDS: cjkvi-ids; 广韵: tshet-uinh 0.15.1
layer2_later,句,𢂁,⿰巾句,溪一侯平 恪侯切 khuw,,非《说文》字头；未编码,IDS: cjkvi-ids; 广韵: tshet-uinh 0.15.1
layer2_later,句,𤘽,⿰牛句,曉一侯上 呼后切 xuwX,,非《说文》字头；未编码,IDS: cjkvi-ids; 广韵: tshet-uinh 0.15.1
layer2_later,句,𦊒,⿱罒句,見一侯上 古厚切 kuwX,,非《说文》字头；未编码,IDS: cjkvi-ids; 广韵: tshet-uinh 0.15.1
layer2_later,句,𧯠,⿰豆句,端一侯平 當侯切 tuw,,非《说文》字头；未编码,IDS: cjkvi-ids; 广韵: tshet-uinh 0.15.1
layer2_later,句,𪓞,⿺黽句,羣合三C虞平 其俱切 gju | 見一侯平 古侯切 kuw,,非《说文》字头；未编码,IDS: cjkvi-ids; 广韵: tshet-uinh 0.15.1
layer2_later,皮,㢰,⿰弓皮,並三B支去 平義切 bjeH,,非《说文》字头；未编码,IDS: cjkvi-ids; 广韵: tshet-uinh 0.15.1
layer2_later,皮,㱟,⿰歹皮,滂三B支平 敷羈切 phje | 滂三B支上 匹靡切 phjeX,,非《说文》字头；未编码,IDS: cjkvi-ids; 广韵: tshet-uinh 0.15.1
layer2_later,皮,佊,⿰亻皮,幫三B支上 甫委切 pjeX | 幫三B支去 彼義切 pjeH,,非《说文》字头；未编码,IDS: cjkvi-ids; 广韵: tshet-uinh 0.15.1
layer2_later,皮,狓,⿰犭皮,滂三B支平 敷羈切 phje,,非《说文》字头；未编码,IDS: cjkvi-ids; 广韵: tshet-uinh 0.15.1
layer2_later,皮,玻,⿰王皮,滂一歌平 滂禾切 pha,,非《说文》字头；未编码,IDS: cjkvi-ids; 广韵: tshet-uinh 0.15.1
layer2_later,皮,秛,⿰禾皮,滂三B支平 敷羈切 phje | 滂三B支去 披義切 phjeH,,非《说文》字头；未编码,IDS: cjkvi-ids; 广韵: tshet-uinh 0.15.1
layer2_later,皮,翍,⿰羽皮,滂三B支平 敷羈切 phje,,非《说文》字头；未编码,IDS: cjkvi-ids; 广韵: tshet-uinh 0.15.1
layer2_later,皮,耚,⿰耒皮,滂三B支平 敷羈切 phje,,非《说文》字头；未编码,IDS: cjkvi-ids; 广韵: tshet-uinh 0.15.1
layer2_later,皮,骳,⿰骨皮,明三B支上 文彼切 mjeX,,非《说文》字头；未编码,IDS: cjkvi-ids; 广韵: tshet-uinh 0.15.1
layer2_later,皮,𤱍,⿰田皮,滂三B支平 敷羈切 phje,,非《说文》字头；未编码,IDS: cjkvi-ids; 广韵: tshet-uinh 0.15.1
layer2_later,皮,𤿎,⿰比皮,滂三B支平 敷羈切 phje | 滂三A支平 匹支切 phjie,,非《说文》字头；未编码,IDS: cjkvi-ids; 广韵: tshet-uinh 0.15.1
layer2_later,皮,𤿙,⿱此皮,並三B支去 平義切 bjeH | 莊開三支去 爭義切 tsrjeH,,非《说文》字头；未编码,IDS: cjkvi-ids; 广韵: tshet-uinh 0.15.1
layer2_later,兼,㽐,⿰甘兼,曉開四添平 許兼切 xem,,非《说文》字头；未编码,IDS: cjkvi-ids; 广韵: tshet-uinh 0.15.1
layer2_later,兼,㾾,⿸疒兼,曉開四添平 許兼切 xem,,非《说文》字头；未编码,IDS: cjkvi-ids; 广韵: tshet-uinh 0.15.1
layer2_later,兼,嵰,⿰山兼,溪開三B鹽上 丘檢切 khjemX,,非《说文》字头；未编码,IDS: cjkvi-ids; 广韵: tshet-uinh 0.15.1
layer2_later,兼,膁,⿰月兼,溪開四添上 苦簟切 khemX,,非《说文》字头；未编码,IDS: cjkvi-ids; 广韵: tshet-uinh 0.15.1
layer2_later,兼,豏,⿰豆兼,匣開二咸上 下斬切 heamX,,非《说文》字头；未编码,IDS: cjkvi-ids; 广韵: tshet-uinh 0.15.1
layer2_later,兼,馦,⿰香兼,曉開四添平 許兼切 xem,,非《说文》字头；未编码,IDS: cjkvi-ids; 广韵: tshet-uinh 0.15.1
layer2_later,兼,鹻,⿰鹵兼,見開二咸上 古斬切 keamX,,非《说文》字头；未编码,IDS: cjkvi-ids; 广韵: tshet-uinh 0.15.1
layer2_later,兼,𥻧,⿰米兼,見開四添平 古甜切 kem,,非《说文》字头；未编码,IDS: cjkvi-ids; 广韵: tshet-uinh 0.15.1
layer2_later,兼,𦋰,⿱罒兼,見開四添平 古甜切 kem,,非《说文》字头；未编码,IDS: cjkvi-ids; 广韵: tshet-uinh 0.15.1
layer2_later,巠,䀴,⿰目巠,疑開四青上 五剄切 ngengX | 疑開四青上 五冷切 ngengX,,非《说文》字头；未编码,IDS: cjkvi-ids; 广韵: tshet-uinh 0.15.1
layer2_later,巠,䪫,⿰音巠,匣開二耕平 戶耕切 heang,,非《说文》字头；未编码,IDS: cjkvi-ids; 广韵: tshet-uinh 0.15.1
layer2_later,巠,俓,⿰亻巠,疑開四先平 五堅切 ngen | 疑開二耕平 五莖切 ngeang | 見開四青去 古定切 kengH,,非《说文》字头；未编码,IDS: cjkvi-ids; 广韵: tshet-uinh 0.15.1
layer2_later,巠,烴,⿰火巠,見開四青上 古挺切 kengX,,非《说文》字头；未编码,IDS: cjkvi-ids; 广韵: tshet-uinh 0.15.1
layer2_later,巠,硜,⿰石巠,溪開二耕平 口莖切 kheang,,非《说文》字头；未编码,IDS: cjkvi-ids; 广韵: tshet-uinh 0.15.1
layer2_later,巠,誙,⿰言巠,溪開二耕平 口莖切 kheang,,非《说文》字头；未编码,IDS: cjkvi-ids; 广韵: tshet-uinh 0.15.1
layer2_later,巠,踁,⿰𧾷巠,匣開四青去 胡定切 hengH,,非《说文》字头；未编码,IDS: cjkvi-ids; 广韵: tshet-uinh 0.15.1
layer2_later,巠,逕,⿺辶巠,見開四青去 古定切 kengH,,非《说文》字头；未编码,IDS: cjkvi-ids; 广韵: tshet-uinh 0.15.1
layer2_later,巠,𠗊,⿰冫巠,羣開三A清上 巨郢切 gjiengX,,非《说文》字头；未编码,IDS: cjkvi-ids; 广韵: tshet-uinh 0.15.1
layer2_later,巠,𠲮,⿰口巠,見開四青去 古定切 kengH,,非《说文》字头；未编码,IDS: cjkvi-ids; 广韵: tshet-uinh 0.15.1
layer2_later,巠,𩈡,⿰面巠,曉開三A清去 許令切 xjiengH,,非《说文》字头；未编码,IDS: cjkvi-ids; 广韵: tshet-uinh 0.15.1
layer2_later,巠,𩰹,⿰鬲巠,見開四青去 古定切 kengH,,非《说文》字头；未编码,IDS: cjkvi-ids; 广韵: tshet-uinh 0.15.1
layer2_later,巠,𩳍,⿺鬼巠,影開四青上 烟涬切 'engX,,非《说文》字头；未编码,IDS: cjkvi-ids; 广韵: tshet-uinh 0.15.1
layer2_later,叚,婽,⿰女叚,見開二麻上 古疋切 kaeX,,非《说文》字头；未编码,IDS: cjkvi-ids; 广韵: tshet-uinh 0.15.1
layer2_later,叚,煆,⿰火叚,曉開二麻平 許加切 xae | 曉開二麻去 呼訝切 xaeH,,非《说文》字头；未编码,IDS: cjkvi-ids; 广韵: tshet-uinh 0.15.1
layer2_later,叚,犌,⿰牛叚,見開二麻平 古牙切 kae,,非《说文》字头；未编码,IDS: cjkvi-ids; 广韵: tshet-uinh 0.15.1
layer2_later,叚,猳,⿰犭叚,見開二麻平 古牙切 kae,,非《说文》字头；未编码,IDS: cjkvi-ids; 广韵: tshet-uinh 0.15.1
layer2_later,叚,貑,⿰豸叚,見開二麻平 古牙切 kae,,非《说文》字头；未编码,IDS: cjkvi-ids; 广韵: tshet-uinh 0.15.1
layer2_later,叚,𣮫,⿱叚毛,見開二麻平 古牙切 kae,,非《说文》字头；未编码,IDS: cjkvi-ids; 广韵: tshet-uinh 0.15.1
layer2_later,叚,𩋥,⿰革叚,匣開二麻平 胡加切 hae,,非《说文》字头；未编码,IDS: cjkvi-ids; 广韵: tshet-uinh 0.15.1
layer2_later,叚,𩩱,⿰骨叚,溪開二麻去 枯駕切 khaeH,,非《说文》字头；未编码,IDS: cjkvi-ids; 广韵: tshet-uinh 0.15.1
layer2_later,冓,㗕,⿰口冓,見一侯平 古侯切 kuw,,非《说文》字头；未编码,IDS: cjkvi-ids; 广韵: tshet-uinh 0.15.1
layer2_later,冓,㝤,⿱宀冓,見一侯去 古候切 kuwH,,非《说文》字头；未编码,IDS: cjkvi-ids; 广韵: tshet-uinh 0.15.1
layer2_later,冓,䃓,⿰石冓,見一侯去 古候切 kuwH,,非《说文》字头；未编码,IDS: cjkvi-ids; 广韵: tshet-uinh 0.15.1
layer2_later,冓,傋,⿰亻冓,見二江上 古項切 kaewngX | 曉二江上 虛慃切 xaewngX,,非《说文》字头；未编码,IDS: cjkvi-ids; 广韵: tshet-uinh 0.15.1
layer2_later,冓,搆,⿰扌冓,見一侯去 古候切 kuwH,,非《说文》字头；未编码,IDS: cjkvi-ids; 广韵: tshet-uinh 0.15.1
layer2_later,冓,煹,⿰火冓,見一侯去 古候切 kuwH,,非《说文》字头；未编码,IDS: cjkvi-ids; 广韵: tshet-uinh 0.15.1
layer2_later,冓,耩,⿰耒冓,見二江上 古項切 kaewngX,,非《说文》字头；未编码,IDS: cjkvi-ids; 广韵: tshet-uinh 0.15.1
layer2_later,冓,褠,⿰衤冓,見一侯平 古侯切 kuw,,非《说文》字头；未编码,IDS: cjkvi-ids; 广韵: tshet-uinh 0.15.1
layer2_later,冓,𢞡,⿰忄冓,曉二江上 虛慃切 xaewngX,,非《说文》字头；未编码,IDS: cjkvi-ids; 广韵: tshet-uinh 0.15.1
layer2_later,堯,㚁,⿰堯堯,溪開三B宵去 丘召切 khjewH,,非《说文》字头；未编码,IDS: cjkvi-ids; 广韵: tshet-uinh 0.15.1
layer2_later,堯,䰫,⿺鬼堯,初開二肴平 楚交切 tsrhaew | 崇開二肴上 士絞切 dzraewX,,非《说文》字头；未编码,IDS: cjkvi-ids; 广韵: tshet-uinh 0.15.1
layer2_later,堯,墝,⿰土堯,溪開二肴平 口交切 khaew,,非《说文》字头；未编码,IDS: cjkvi-ids; 广韵: tshet-uinh 0.15.1
layer2_later,堯,憢,⿰忄堯,曉開四蕭平 許幺切 xew,,非《说文》字头；未编码,IDS: cjkvi-ids; 广韵: tshet-uinh 0.15.1
layer2_later,堯,穘,⿰禾堯,曉開二肴平 許交切 xaew,,非《说文》字头；未编码,IDS: cjkvi-ids; 广韵: tshet-uinh 0.15.1
layer2_later,堯,襓,⿰衤堯,日開三宵平 如招切 nyew,,非《说文》字头；未编码,IDS: cjkvi-ids; 广韵: tshet-uinh 0.15.1
layer2_later,堯,蹺,⿰𧾷堯,溪開三A宵平 去遙切 khjiew,,非《说文》字头；未编码,IDS: cjkvi-ids; 广韵: tshet-uinh 0.15.1
layer2_later,堯,遶,⿺辶堯,日開三宵上 而沼切 nyewX,,非《说文》字头；未编码,IDS: cjkvi-ids; 广韵: tshet-uinh 0.15.1
layer2_later,堯,𡽧,⿸屵堯,孃開二肴平 女交切 nraew,,非《说文》字头；未编码,IDS: cjkvi-ids; 广韵: tshet-uinh 0.15.1
layer2_later,堯,𨎬,⿰車堯,見開四蕭去 古弔切 kewH,,非《说文》字头；未编码,IDS: cjkvi-ids; 广韵: tshet-uinh 0.15.1
layer2_later,喬,㝯,⿱宀喬,羣開三B宵平 巨嬌切 gjew,,非《说文》字头；未编码,IDS: cjkvi-ids; 广韵: tshet-uinh 0.15.1
layer2_later,喬,㢗,⿸广喬,溪開三B宵去 丘召切 khjewH,,非《说文》字头；未编码,IDS: cjkvi-ids; 广韵: tshet-uinh 0.15.1
layer2_later,喬,䀉,⿱喬皿,羣開三B宵平 巨嬌切 gjew,,非《说文》字头；未编码,IDS: cjkvi-ids; 广韵: tshet-uinh 0.15.1
layer2_later,喬,䚩,⿰角喬,見開三B宵上 居夭切 kjewX,,非《说文》字头；未编码,IDS: cjkvi-ids; 广韵: tshet-uinh 0.15.1
layer2_later,喬,嘺,⿰口喬,羣開三A宵平 渠遙切 gjiew,,非《说文》字头；未编码,IDS: cjkvi-ids; 广韵: tshet-uinh 0.15.1
layer2_later,喬,憍,⿰忄喬,見開三B宵平 舉喬切 kjew,,非《说文》字头；未编码,IDS: cjkvi-ids; 广韵: tshet-uinh 0.15.1
layer2_later,喬,毊,⿱殸喬,曉開三B宵平 許嬌切 xjew | 羣開三B宵平 巨嬌切 gjew,,非《说文》字头；未编码,IDS: cjkvi-ids; 广韵: tshet-uinh 0.15.1
layer2_later,喬,穚,⿰禾喬,見開三B宵平 舉喬切 kjew,,非《说文》字头；未编码,IDS: cjkvi-ids; 广韵: tshet-uinh 0.15.1
layer2_later,喬,簥,⿱竹喬,見開三B宵平 舉喬切 kjew,,非《说文》字头；未编码,IDS: cjkvi-ids; 广韵: tshet-uinh 0.15.1
layer2_later,喬,蕎,⿱艹喬,見開三B宵平 舉喬切 kjew | 羣開三B宵平 巨嬌切 gjew,,非《说文》字头；未编码,IDS: cjkvi-ids; 广韵: tshet-uinh 0.15.1
layer2_later,喬,譑,⿰言喬,見開三B宵上 居夭切 kjewX | 溪開三B宵去 丘召切 khjewH,,非《说文》字头；未编码,IDS: cjkvi-ids; 广韵: tshet-uinh 0.15.1
layer2_later,喬,轎,⿰車喬,羣開三B宵平 巨嬌切 gjew | 羣開三B宵去 渠廟切 gjewH,,非《说文》字头；未编码,IDS: cjkvi-ids; 广韵: tshet-uinh 0.15.1
layer2_later,喬,鞽,⿰革喬,溪開三B宵平 起囂切 khjew,,非《说文》字头；未编码,IDS: cjkvi-ids; 广韵: tshet-uinh 0.15.1
layer2_later,喬,鱎,⿰魚喬,見開三B宵上 居夭切 kjewX,,非《说文》字头；未编码,IDS: cjkvi-ids; 广韵: tshet-uinh 0.15.1
layer2_later,喬,𢄹,⿰巾喬,溪開三B宵平 起囂切 khjew,,非《说文》字头；未编码,IDS: cjkvi-ids; 广韵: tshet-uinh 0.15.1
layer2_later,喬,𨲭,⿰镸喬,羣開三B宵上 巨夭切 gjewX,,非《说文》字头；未编码,IDS: cjkvi-ids; 广韵: tshet-uinh 0.15.1
layer2_later,氐,䟡,⿰𧾷氐,端開四齊去 都計切 tejH,,非《说文》字头；未编码,IDS: cjkvi-ids; 广韵: tshet-uinh 0.15.1
layer2_later,氐,䩚,⿰革氐,端開四齊去 都計切 tejH,,非《说文》字头；未编码,IDS: cjkvi-ids; 广韵: tshet-uinh 0.15.1
layer2_later,氐,䬫,⿰飠氐,端開四齊平 都奚切 tej | 定開四齊平 杜奚切 dej,,非《说文》字头；未编码,IDS: cjkvi-ids; 广韵: tshet-uinh 0.15.1
layer2_later,氐,岻,⿰山氐,澄開三脂平 直尼切 drij | 端開四齊平 都奚切 tej,,非《说文》字头；未编码,IDS: cjkvi-ids; 广韵: tshet-uinh 0.15.1
layer2_later,氐,弤,⿰弓氐,端合一魂平 都昆切 twon | 端開四齊上 都禮切 tejX,,非《说文》字头；未编码,IDS: cjkvi-ids; 广韵: tshet-uinh 0.15.1
layer2_later,氐,彽,⿰彳氐,澄開三脂平 直尼切 drij,,非《说文》字头；未编码,IDS: cjkvi-ids; 广韵: tshet-uinh 0.15.1
layer2_later,氐,疷,⿸疒氐,知開三脂平 丁尼切 trij,,非《说文》字头；未编码,IDS: cjkvi-ids; 广韵: tshet-uinh 0.15.1
layer2_later,氐,秪,⿰禾氐,知開三脂平 丁尼切 trij,,非《说文》字头；未编码,IDS: cjkvi-ids; 广韵: tshet-uinh 0.15.1
layer2_later,氐,茋,⿱艹氐,章開三脂上 職雉切 tsyijX,,非《说文》字头；未编码,IDS: cjkvi-ids; 广韵: tshet-uinh 0.15.1
layer2_later,氐,觝,⿰角氐,端開四齊上 都禮切 tejX,,非《说文》字头；未编码,IDS: cjkvi-ids; 广韵: tshet-uinh 0.15.1
layer2_later,氐,貾,⿰貝氐,澄開三脂平 直尼切 drij,,非《说文》字头；未编码,IDS: cjkvi-ids; 广韵: tshet-uinh 0.15.1
layer2_later,氐,骶,⿰骨氐,端開四齊去 都計切 tejH,,非《说文》字头；未编码,IDS: cjkvi-ids; 广韵: tshet-uinh 0.15.1
layer2_later,氐,𦨢,⿰舟氐,端開四齊去 都計切 tejH,,非《说文》字头；未编码,IDS: cjkvi-ids; 广韵: tshet-uinh 0.15.1
layer2_later,氐,𩶅,⿰魚氐,昌開三脂平 處脂切 tsyhij,,非《说文》字头；未编码,IDS: cjkvi-ids; 广韵: tshet-uinh 0.15.1
layer2_later,票,㟽,⿰山票,幫三A宵上 方小切 pjiewX,,非《说文》字头；未编码,IDS: cjkvi-ids; 广韵: tshet-uinh 0.15.1
layer2_later,票,㬓,⿰日票,滂三A宵去 匹妙切 phjiewH,,非《说文》字头；未编码,IDS: cjkvi-ids; 广韵: tshet-uinh 0.15.1
layer2_later,票,䏇,⿰耳票,滂三A宵去 匹妙切 phjiewH,,非《说文》字头；未编码,IDS: cjkvi-ids; 广韵: tshet-uinh 0.15.1
layer2_later,票,瘭,⿸疒票,幫三A宵平 甫遙切 pjiew,,非《说文》字头；未编码,IDS: cjkvi-ids; 广韵: tshet-uinh 0.15.1
layer2_later,票,篻,⿱竹票,明三A宵平 彌遙切 mjiew | 滂三A宵上 敷沼切 phjiewX,,非《说文》字头；未编码,IDS: cjkvi-ids; 广韵: tshet-uinh 0.15.1
layer2_later,票,螵,⿰虫票,並三A宵平 符霄切 bjiew | 滂三A宵平 撫招切 phjiew,,非《说文》字头；未编码,IDS: cjkvi-ids; 广韵: tshet-uinh 0.15.1
layer2_later,票,褾,⿰衤票,幫三A宵上 方小切 pjiewX,,非《说文》字头；未编码,IDS: cjkvi-ids; 广韵: tshet-uinh 0.15.1
layer2_later,票,醥,⿰酉票,滂三A宵上 敷沼切 phjiewX,,非《说文》字头；未编码,IDS: cjkvi-ids; 广韵: tshet-uinh 0.15.1
layer2_later,票,鰾,⿰魚票,並三A宵上 符少切 bjiewX,,非《说文》字头；未编码,IDS: cjkvi-ids; 广韵: tshet-uinh 0.15.1
layer2_later,票,𢹰,⿰扌𤐫,並三A宵上 符少切 bjiewX,,非《说文》字头；未编码,IDS: cjkvi-ids; 广韵: tshet-uinh 0.15.1
layer2_later,票,𨄏,⿰𧾷票,滂三A宵平 撫招切 phjiew,,非《说文》字头；未编码,IDS: cjkvi-ids; 广韵: tshet-uinh 0.15.1
layer2_later,票,𩮳,⿱髟票,並三A宵上 符少切 bjiewX,,非《说文》字头；未编码,IDS: cjkvi-ids; 广韵: tshet-uinh 0.15.1
layer2_later,叕,䄌,⿰礻叕,知合三祭去 陟衛切 trjwejH,,非《说文》字头；未编码,IDS: cjkvi-ids; 广韵: tshet-uinh 0.15.1
layer2_later,叕,䞵,⿺走叕,見合三B仙入 紀劣切 kjwet,,非《说文》字头；未编码,IDS: cjkvi-ids; 广韵: tshet-uinh 0.15.1
layer2_later,叕,䟾,⿰𧾷叕,知合三仙入 陟劣切 trjwet,,非《说文》字头；未编码,IDS: cjkvi-ids; 广韵: tshet-uinh 0.15.1
layer2_later,叕,蝃,⿰虫叕,端開四齊去 都計切 tejH | 章合三仙入 職悅切 tsywet,,非《说文》字头；未编码,IDS: cjkvi-ids; 广韵: tshet-uinh 0.15.1
layer2_later,叕,裰,⿰衤叕,端合一寒入 丁括切 twat,,非《说文》字头；未编码,IDS: cjkvi-ids; 广韵: tshet-uinh 0.15.1
layer2_later,叕,醊,⿰酉叕,知合三祭去 陟衛切 trjwejH | 知合三仙入 陟劣切 trjwet,,非《说文》字头；未编码,IDS: cjkvi-ids; 广韵: tshet-uinh 0.15.1
layer2_later,叕,錣,⿰金叕,知合三祭去 陟衛切 trjwejH | 知合二刪入 丁刮切 trwaet,,非《说文》字头；未编码,IDS: cjkvi-ids; 广韵: tshet-uinh 0.15.1
layer2_later,叕,𧣸,⿰角叕,見合三B仙入 紀劣切 kjwet,,非《说文》字头；未编码,IDS: cjkvi-ids; 广韵: tshet-uinh 0.15.1
layer2_later,青,䑶,⿰舟青,清開四先去 倉甸切 tshenH,,非《说文》字头；未编码,IDS: cjkvi-ids; 广韵: tshet-uinh 0.15.1
layer2_later,青,䝼,⿰貝青,從開三清平 疾盈切 dzjeng | 從開三清去 疾政切 dzjengH,,非《说文》字头；未编码,IDS: cjkvi-ids; 广韵: tshet-uinh 0.15.1
layer2_later,青,圊,⿴囗青,清開三清平 七情切 tshjeng,,非《说文》字头；未编码,IDS: cjkvi-ids; 广韵: tshet-uinh 0.15.1
layer2_later,青,掅,⿰扌青,清開四青去 千定切 tshengH,,非《说文》字头；未编码,IDS: cjkvi-ids; 广韵: tshet-uinh 0.15.1
layer2_later,青,棈,⿰木青,清開四先去 倉甸切 tshenH,,非《说文》字头；未编码,IDS: cjkvi-ids; 广韵: tshet-uinh 0.15.1
layer2_later,青,睛,⿰目青,精開三清平 子盈切 tsjeng | 清開三清上 七靜切 tshjengX,,非《说文》字头；未编码,IDS: cjkvi-ids; 广韵: tshet-uinh 0.15.1
layer2_later,青,箐,⿱竹青,精開三清平 子盈切 tsjeng,,非《说文》字头；未编码,IDS: cjkvi-ids; 广韵: tshet-uinh 0.15.1
layer2_later,青,聙,⿰耳青,精開三清平 子盈切 tsjeng,,非《说文》字头；未编码,IDS: cjkvi-ids; 广韵: tshet-uinh 0.15.1
layer2_later,青,輤,⿰車青,清開四先去 倉甸切 tshenH,,非《说文》字头；未编码,IDS: cjkvi-ids; 广韵: tshet-uinh 0.15.1
layer2_later,青,鯖,⿰魚青,章開三清平 諸盈切 tsyeng | 清開四青平 倉經切 tsheng,,非《说文》字头；未编码,IDS: cjkvi-ids; 广韵: tshet-uinh 0.15.1
layer2_later,青,鼱,⿰鼠青,精開三清平 子盈切 tsjeng,,非《说文》字头；未编码,IDS: cjkvi-ids; 广韵: tshet-uinh 0.15.1
layer2_later,青,𧚫,⿰衤青,清開四先去 倉甸切 tshenH,,非《说文》字头；未编码,IDS: cjkvi-ids; 广韵: tshet-uinh 0.15.1
