batch,item,sw_id,role,first,second,conf1,conf2
3,78,725,new,Y,Y,3,2
3,90,1226,new,N,N,2,2
3,24,1313,new,E,E,3,3
3,85,1745,new,N,N,1,1
3,63,1778,new,N,N,2,2
3,47,1995,new,N,E,2,2
3,92,2494,new,N,N,2,3
3,1,2533,new,Y,E,2,2
3,14,3060,new,Y,Y,3,3
3,19,3168,new,Y,N,2,1
3,28,3177,new,N,E,3,2
3,18,3218,new,Y,E,2,2
3,10,3246,new,E,E,2,2
3,39,3967,new,E,E,2,3
3,22,4726,new,E,E,2,1
3,80,4794,new,E,E,1,1
3,91,4919,new,Y,Y,3,2
3,16,5030,new,Y,Y,3,3
3,68,5782,new,E,E,2,2
3,81,6448,new,E,Y,2,2
3,95,7212,new,Y,Y,3,3
3,43,8710,new,E,N,2,1
3,96,9293,new,N,E,2,2
3,33,9542,new,E,Y,3,3
3,44,2919,new,N,N,3,3
3,70,8317,new,N,N,2,1
3,83,3070,new,N,N,2,2
3,88,3192,new,N,N,2,3
3,71,6911,new,N,N,3,3
3,12,2040,new,E,N,2,1
3,34,2413,new,N,X,2,2
3,56,3153,new,N,N,3,3
3,76,2565,new,N,N,3,2
3,77,2959,new,E,N,2,2
3,97,5064,new,E,N,2,1
3,100,899,new,N,N,2,3
3,36,6385,new,N,N,2,3
3,31,6363,new,X,X,2,3
3,51,1493,new,N,N,2,2
3,45,4484,new,N,N,3,3
3,98,1662,new,N,N,2,3
3,15,9586,new,N,N,2,3
3,72,311,new,N,X,3,3
3,50,5489,new,N,N,2,3
3,42,4137,new,X,X,3,3
3,21,4188,new,N,N,2,3
3,32,3209,new,N,N,3,3
3,30,6522,new,N,N,3,3
3,17,1545,new,E,E,2,2
3,99,1254,new,N,N,2,1
3,6,9132,new,N,E,2,2
3,94,4397,new,N,N,2,2
3,58,6301,new,N,N,2,3
3,60,3750,new,N,N,2,1
3,29,2538,new,N,N,2,3
3,23,5321,new,N,N,3,3
3,84,3872,new,N,N,3,1
3,75,5800,new,N,N,2,2
3,48,4711,new,E,Y,2,2
3,11,7317,new,N,N,2,3
3,13,4122,new,X,X,3,3
3,8,8207,new,E,N,2,1
3,9,6501,new,N,N,2,3
3,4,4904,new,N,N,3,2
3,93,5364,new,N,N,2,2
3,25,8941,new,N,N,3,3
3,66,3344,new,N,N,3,3
3,102,5479,new,N,Y,2,1
3,20,3808,new,N,N,3,3
3,69,3758,new,N,N,3,3
3,65,4413,new,N,N,3,3
3,38,5038,new,N,E,3,1
3,7,2157,new,N,N,3,3
3,41,7554,new,X,X,2,3
3,52,8635,new,N,N,2,3
3,40,1084,new,N,N,2,2
3,67,5083,new,N,N,2,3
3,86,2381,new,X,X,2,3
3,26,5355,new,N,N,2,2
3,53,882,new,N,N,2,3
3,55,9141,new,N,N,2,3
3,3,6949,new,X,X,3,2
3,82,9539,new,N,N,2,3
3,46,536,new,N,E,2,1
3,54,4942,new,X,X,3,3
3,27,4614,new,N,N,2,3
3,5,8954,new,N,X,3,2
3,37,2254,new,N,N,2,3
3,2,7130,new,N,N,3,3
3,89,6362,new,N,X,2,3
3,61,9185,new,N,N,2,3
3,73,8985,new,N,N,2,2
3,101,390,new,X,X,2,2
3,62,9471,new,N,N,2,3
3,79,3525,new,N,X,3,3
3,35,2583,new,E,E,2,3
3,57,4287,new,E,N,2,1
3,74,2794,anchor,E,E,2,2
3,49,1526,anchor,E,E,2,2
3,59,7000,anchor,X,X,3,3
3,87,4382,anchor,N,X,2,2
3,64,3041,anchor,N,E,2,1
6,67,39,new,E,E,1,3
6,57,977,new,Y,Y,3,2
6,25,1318,new,E,E,2,3
6,28,1452,new,E,E,3,3
6,89,1747,new,E,E,1,2
6,82,1789,new,Y,E,3,2
6,17,1998,new,Y,Y,3,3
6,35,2029,new,N,N,3,2
6,80,2032,new,E,E,1,2
6,16,2034,new,Y,E,3,2
6,36,4329,new,E,E,2,2
6,84,5203,new,Y,Y,3,3
6,101,5522,new,E,E,2,1
6,95,5557,new,Y,Y,3,3
6,70,5687,new,E,E,2,2
6,73,6596,new,E,E,2,1
6,100,7393,new,N,N,3,3
6,21,8024,new,E,E,2,2
6,46,8145,new,E,E,2,2
6,34,8381,new,E,N,1,2
6,99,8982,new,Y,Y,3,3
6,97,8983,new,E,E,1,1
6,98,9036,new,E,N,2,2
6,74,9156,new,E,N,2,2
6,29,9280,new,E,E,3,3
6,62,9334,new,E,E,2,1
6,94,9405,new,Y,E,3,2
6,7,9740,new,Y,N,2,2
6,51,247,new,X,X,2,2
6,27,5591,new,N,N,3,3
6,19,282,new,X,X,3,2
6,87,6203,new,E,E,2,2
6,38,4216,new,N,N,3,2
6,64,18,new,Y,N,3,2
6,43,5619,new,N,N,3,3
6,93,538,new,E,E,2,1
6,20,6187,new,E,N,2,1
6,72,2577,new,N,N,3,3
6,58,5561,new,N,N,3,2
6,83,3807,new,N,N,3,2
6,31,3049,new,N,N,3,3
6,63,7399,new,N,N,3,3
6,12,5602,new,E,N,1,3
6,13,4589,new,N,N,3,2
6,55,5895,new,E,N,1,2
6,65,3566,new,E,E,2,2
6,33,5681,new,N,N,3,3
6,10,8842,new,N,N,2,2
6,86,1062,new,N,N,3,3
6,60,1296,new,N,N,3,2
6,40,4123,new,X,X,3,3
6,90,4003,new,X,X,3,3
6,69,3195,new,N,N,3,3
6,61,7267,new,N,N,3,3
6,92,7107,new,N,N,3,3
6,75,1301,new,N,N,3,2
6,66,8919,new,X,X,3,2
6,39,6370,new,X,X,3,3
6,91,5127,new,N,N,3,2
6,85,5287,new,N,N,3,3
6,22,1178,new,E,N,1,2
6,8,8772,new,N,X,3,2
6,11,1329,new,N,N,3,3
6,48,8750,new,X,X,2,2
6,47,3154,new,N,N,3,3
6,68,8122,new,N,N,3,3
6,14,5117,new,N,E,3,1
6,6,254,new,X,N,2,1
6,71,8992,new,N,N,3,3
6,23,9632,new,X,X,3,3
6,24,7447,new,N,N,2,3
6,49,9630,new,X,X,3,3
6,32,3779,new,N,N,3,2
6,1,1868,new,N,N,3,2
6,56,5304,new,E,E,2,3
6,30,6745,new,N,N,3,3
6,41,199,new,X,X,3,2
6,88,7619,new,N,N,3,1
6,79,6410,new,N,N,3,3
6,77,5658,new,N,E,3,2
6,59,4884,new,N,N,3,3
6,26,664,new,X,X,3,2
6,18,1712,new,N,N,3,3
6,81,2737,new,N,N,3,3
6,9,3961,new,E,N,2,2
6,53,9653,new,N,N,3,1
6,54,8753,new,X,N,2,2
6,52,5307,new,N,N,3,1
6,78,354,new,X,X,3,2
6,96,726,new,E,E,2,2
6,50,2569,new,N,N,3,3
6,15,5257,new,N,N,3,3
6,42,7466,new,N,N,3,2
6,37,5274,new,N,N,3,3
6,2,5682,new,N,N,3,3
6,76,5476,new,N,N,3,2
6,45,7679,anchor,N,N,3,3
6,4,1140,anchor,Y,E,3,2
6,44,7873,anchor,Y,Y,3,3
6,3,5141,anchor,Y,Y,3,3
6,5,4171,anchor,N,N,3,3
