sw_id,phonetic,char,relation,role,stratum,has_mc,has_oc,orig_item,orig_code,p1_batch,p1_item,p2_batch,p2_item,phonetic_gloss,member_gloss
12,豊,禮,亦聲,new,labelled,True,True,,,7,64,5,99,行禮之器也。,履也。所以事神致福也。
39,石,祏,亦聲,new,labelled,True,False,,,6,67,5,69,山石也。在厂之下；囗，象形。,宗廟主也。《周禮》有郊、宗、石室。一曰大夫以石爲主。
54,會,禬,亦聲,new,labelled,True,False,,,4,85,4,88,合也。,會福祭也。
111,虎,琥,亦聲,new,labelled,True,False,,,4,64,5,58,山獸之君。,發兵瑞玉，爲虎文。
112,龍,瓏,亦聲,new,labelled,True,False,,,7,31,6,2,鱗蟲之長。能幽，能明，能細，能巨，能短，能長；春分而登天，秋分而潛淵。,禱旱玉。龍文。
120,冒,瑁,亦聲,new,labelled,True,False,,,4,72,7,56,冡而前也。,諸侯執圭朝天子，天子執玉以冒之，似犂冠。《周禮》曰：“天子執瑁四寸。”
125,耳,珥,亦聲,new,labelled,True,False,,,1,102,6,45,主聽也。象形。,瑱也。
203,含,琀,亦聲,new,labelled,True,False,,,5,37,4,28,嗛也。,送死口中玉也。
232,㫃,𣃘,亦聲,new,labelled,True,False,,,4,84,2,80,旌旗之游，㫃蹇之皃。,旌旗杠皃。
237,分,㞣,亦聲,new,labelled,True,False,,,4,39,7,55,別也。,艸初生，其香分布。
568,耒,䒹,亦聲,new,labelled,True,False,,,2,71,4,61,手耕曲木也。,耕多艸。
702,茻,莽,亦聲,new,labelled,True,False,,,2,95,4,30,眾艸也。,南昌謂犬善逐菟艸中爲莽。
715,八,𠔁,亦聲,new,labelled,False,False,,,2,96,2,26,別也。象分別相背之形。,分也。
725,半,胖,亦聲,new,labelled,True,False,,,3,78,4,66,物中分也。,半體肉也。一曰廣肉。
735,四,牭,亦聲,new,labelled,True,False,,,2,19,3,27,陰𢿙也。象四分之形。,四歲牛。
757,芻,犓,亦聲,new,labelled,True,False,,,2,13,7,26,刈艸也。象包束艸之形。,以芻莖養牛也。
765,臤,㹂,亦聲,new,labelled,True,False,,,7,28,2,83,堅也。,牛很不從引也。
977,亾,喪,亦聲,new,labelled,False,False,,,6,57,6,77,逃也。,亾也。
1130,㖾,遌,亦聲,new,labelled,False,False,,,4,35,5,89,None,相遇驚也。
1142,巽,選,亦聲,new,labelled,True,False,,,1,80,3,7,具也。,遣也。
1226,柔,𢔟,亦聲,new,labelled,True,False,,,3,90,6,39,木曲直也。,復也。
1313,臼,齨,亦聲,new,labelled,True,False,,,3,24,1,83,舂也。古者掘地爲臼，其後穿木石。象形。中，米也。,老人齒如臼也。一曰馬八歲齒臼也。
1318,骨,䶤,亦聲,new,labelled,False,False,,,6,25,7,19,肉之覈也。,齧骨聲。
1323,奇,𤘌,亦聲,new,labelled,True,False,,,1,46,3,56,異也。一曰不耦。,武牙也。
1418,疋,𤴙,亦聲,new,labelled,False,False,,,4,21,5,75,足也。上象腓腸，下,門戶疏䆫也。
1419,疋,𤕟,亦聲,new,labelled,True,False,,,4,48,7,77,足也。上象腓腸，下,通也。
1451,句,拘,亦聲,new,labelled,True,False,,,1,28,1,93,曲也。,止也。
1452,句,笱,亦聲,new,labelled,True,False,,,6,28,7,3,曲也。,曲竹捕魚笱也。
1455,丩,𦱠,亦聲,new,labelled,True,False,,,7,35,6,64,相糾繚也。一曰瓜瓠結丩起。象形。,艸之相丩者。
1550,敬,警,亦聲,new,labelled,True,True,,,5,1,5,22,肅也。,戒也。
1553,宜,𧧼,亦聲,new,labelled,False,False,,,5,11,6,73,None,人所宜也。
1633,口,𧥣,亦聲,new,labelled,True,False,,,5,33,7,7,人所以言食也。象形。,扣也。如求婦先𧥣叕之。
1745,廾,菐,亦聲,new,labelled,True,False,,,3,85,2,81,None,瀆菐也。
1746,菐,僕,亦聲,new,labelled,True,False,,,1,55,1,98,瀆菐也。,給事者。
1747,八,𠔯,亦聲,new,labelled,True,False,,,6,89,3,21,別也。象分別相背之形。,賦事也。
1766,棥,樊,亦聲,new,labelled,True,False,,,2,82,4,29,藩也。,鷙不行也。
1778,辰,䢅,亦聲,new,labelled,True,False,,,3,63,3,67,震也。三月，陽气動，靁電振，民農時也。物皆生，,早昧爽也。
1782,分,釁,亦聲,new,labelled,True,True,,,5,7,3,100,別也。,血祭也。象祭竈也。
1789,柔,鞣,亦聲,new,labelled,True,False,,,6,82,6,71,木曲直也。,耎也。
1798,夾,䩡,亦聲,new,labelled,True,False,,,1,95,3,36,持也。,鞮䩡沙也。
1915,祟,𠭥,亦聲,new,labelled,True,False,,,1,21,7,44,神禍也。,楚人謂卜問吉凶曰𠭥。
1995,正,整,亦聲,new,labelled,True,True,,,3,47,6,12,是也。,齊也。
1998,正,政,亦聲,new,labelled,True,True,,,6,17,2,32,是也。,正也。
2019,合,㪉,亦聲,new,labelled,False,False,,,1,11,5,34,合口也。,合會也。
2029,易,敡,亦聲,new,labelled,True,False,,,6,35,6,58,蜥易，蝘蜓，守宮也。象形。《祕書》說：日月爲易，象陰陽也。一曰,侮也。
2032,羣,𣀆,亦聲,new,labelled,False,False,,,6,80,1,63,輩也。,朋侵也。
2034,𤔔,𢿳,亦聲,new,labelled,False,False,,,6,16,2,90,治也。幺子相亂，𠬪治之也。讀若亂同。一曰理也。,煩也。
2125,㢟,𢌨,亦聲,new,labelled,True,False,,,2,78,3,15,安步㢟㢟也。,相顧視而行也。
2169,冥,瞑,亦聲,new,labelled,True,False,,,1,84,2,95,幽也。,翕目也。
2185,少,眇,亦聲,new,labelled,True,True,,,5,93,5,80,不多也。,一目小也。
2225,臭,齅,亦聲,new,labelled,True,False,,,7,49,6,56,禽走，臭而知其迹者，犬也。,以鼻就臭也。
2230,皕,奭,亦聲,new,labelled,True,False,,,5,78,3,19,二百也。,盛也。
2281,句,雊,亦聲,new,labelled,True,False,,,7,92,3,16,曲也。,雄雌鳴也。雷始動，雉鳴而雊其頸。
2287,人,𨿳,亦聲,new,labelled,False,False,,,1,22,1,1,天地之性最貴者也。此籒文。象臂脛之形。,鳥也。
2321,𥄕,𤊾,亦聲,new,labelled,True,False,,,2,18,3,61,目不正也。,火不明也。
2351,䀠,瞿,亦聲,new,labelled,True,True,,,2,21,7,10,左右視也。,鷹隼之視也。
2492,𢆶,幽,亦聲,new,labelled,True,False,,,5,72,5,23,微也。,隱也。
2494,屮,叀,亦聲,new,labelled,True,False,,,3,92,6,26,艸木初生也。象丨出形，有枝莖也。古文或以爲艸字。讀若徹。,專小謹也。
2518,井,𠭘,亦聲,new,labelled,False,False,,,2,68,7,63,八家一井，象構韓形。•，𦉥之象也。古者伯益初作井。,坑也。
2533,賓,殯,亦聲,new,labelled,True,False,,,3,1,4,100,所敬也。,死在棺，將遷葬柩，賓遇之。
2694,星,腥,亦聲,new,labelled,True,False,,,1,66,6,53,萬物之精，上爲列星。,星見食豕，令肉中生小息肉也。
2765,录,剝,亦聲,new,labelled,False,False,,,4,26,6,19,金色也。,裂也。
2768,畫,劃,亦聲,new,labelled,True,True,,,4,62,5,26,界也。象田四界。聿，所以畫之。,錐刀曰劃。
2771,齊,劑,亦聲,new,labelled,True,False,,,7,62,5,27,禾麥吐穗上平也。象形。,齊也。
2984,竹,筑,亦聲,new,labelled,True,False,,,2,1,5,18,冬生艸也。象形。下垂者，箁箬也。,以竹曲五弦之樂也。
2989,塞,簺,亦聲,new,labelled,True,False,,,5,52,6,35,隔也。,行棊相塞謂之簺。
3006,丌,䢋,亦聲,new,labelled,False,False,,,7,99,1,15,下基也。薦物之丌。象形。,古之遒人，以木鐸記詩言。
3024,甘,𤯌,亦聲,new,labelled,False,False,,,5,89,2,15,美也。,和也。
3028,冊,𣆑,亦聲,new,labelled,False,False,,,4,55,2,29,符命也。諸矦進受於王也。象其札一長一短，中有二編之形。,告也。
3055,亏,𠮱,亦聲,new,labelled,False,False,,,1,29,3,3,气損也。,驚語也。
3060,喜,憙,亦聲,new,labelled,True,False,,,3,14,2,69,樂也。,說也。
3092,㿾,𧈚,亦聲,new,labelled,False,False,,,1,83,2,58,器也。,器也。
3168,丶,主,亦聲,new,labelled,True,False,,,3,19,2,37,有所絕止，丶而識之也。,鐙中火主也。
3169,否,咅,亦聲,new,labelled,True,False,,,4,69,5,56,不也。,相與語，唾而不受也。
3177,井,阱,亦聲,new,labelled,True,False,,,3,28,4,98,八家一井，象構韓形。•，𦉥之象也。古者伯益初作井。,陷也。
3178,井,㓝,亦聲,new,labelled,True,False,,,5,39,6,41,八家一井，象構韓形。•，𦉥之象也。古者伯益初作井。,罰辠也。
3218,鄉,饗,亦聲,new,labelled,True,True,,,3,18,4,5,None,鄉人飲酒也。
3246,鬼,餽,亦聲,new,labelled,True,True,,,3,10,4,24,人所歸爲鬼。,吳人謂祭曰餽。
3261,辰,䢈,亦聲,new,labelled,True,False,,,1,85,2,57,震也。三月，陽气動，靁電振，民農時也。物皆生，,日月合宿
3652,冊,柵,亦聲,new,labelled,True,False,,,4,17,1,95,符命也。諸矦進受於王也。象其札一長一短，中有二編之形。,編樹木也。
3786,平,枰,亦聲,new,labelled,True,False,,,1,92,4,74,語平舒也。,平也。
3850,䊮,糶,亦聲,new,labelled,True,False,,,2,52,1,102,穀也。,出穀也。
3967,分,貧,亦聲,new,labelled,True,True,,,3,39,6,97,別也。,財分少也。
3998,善,鄯,亦聲,new,labelled,True,False,,,1,8,3,59,吉也。,鄯善，西胡國也。
4189,見,晛,亦聲,new,labelled,True,False,,,5,34,3,53,視也。,日見也。
4280,毛,旄,亦聲,new,labelled,True,True,,,7,36,5,82,眉髮之屬及獸毛也。象形。,幢也。
4325,𢎘,圅,亦聲,new,labelled,True,False,,,2,91,3,96,嘾也。艸木之華未發圅然。象形。,舌也。象形。舌體𢎘。𢎘
4329,𢎘,𣐺,亦聲,new,labelled,False,False,,,6,36,7,100,嘾也。艸木之華未發圅然。象形。,木垂華實。
4640,正,竀,亦聲,new,labelled,True,False,,,1,24,7,29,是也。,正視也。
4726,虐,瘧,亦聲,new,labelled,True,False,,,3,22,2,97,殘也。,熱寒休作。
4776,元,冠,亦聲,new,labelled,True,True,,,1,18,1,3,始也。,絭也。所以絭髮，弁冕之緫名也。
4777,取,冣,亦聲,new,labelled,False,False,,,2,73,2,67,捕取也。,積也。
4789,㒳,兩,亦聲,new,labelled,True,False,,,5,55,5,50,再也。,二十四銖爲一兩。
4794,繯,𦌾,亦聲,new,labelled,True,False,,,3,80,5,63,None,网也。
4804,畱,羀,亦聲,new,labelled,False,False,,,2,76,4,67,止也。,曲梁寡婦之笱。魚所畱也。
4919,㡀,敝,亦聲,new,labelled,True,False,,,3,91,3,32,敗衣也。,帗也。一曰敗衣。
5030,頃,傾,亦聲,new,labelled,True,True,,,3,16,1,44,頭不正也。,仄也。
5164,䙴,僊,亦聲,new,labelled,False,False,,,4,11,3,8,None,長生僊去。
5192,𠤎,化,亦聲,new,labelled,True,False,,,2,85,4,50,變也。,教行也。
5203,从,從,亦聲,new,labelled,True,False,,,6,84,7,69,隨行也。,隨行也。
5317,黹,𧝉,亦聲,new,labelled,False,False,,,7,11,6,17,箴縷所紩衣。,紩衣也。
5460,監,覽,亦聲,new,labelled,True,False,,,1,78,6,81,臨下也。,觀也。
5522,高,歊,亦聲,new,labelled,True,False,,,6,101,5,97,崇也。象臺觀高之形。,歊歊，气出皃。
5535,𠧴,𣣸,亦聲,new,labelled,True,False,,,7,96,3,57,气行皃。,言意也。
5557,曰,欥,亦聲,new,labelled,True,False,,,6,95,5,9,詞也。,詮詞也。
5622,𠬸,𩑦,亦聲,new,labelled,False,False,,,4,4,6,100,入水有所取也。,内頭水中也。
5668,見,靦,亦聲,new,labelled,True,False,,,7,100,7,93,視也。,面見也。
5680,冄,䫇,亦聲,new,labelled,False,False,,,5,54,3,49,毛冄冄也。象形。,頰須也。
5687,章,彰,亦聲,new,labelled,True,False,,,6,70,7,65,樂竟爲一章。,文彰也。
5742,后,㖃,亦聲,new,labelled,True,False,,,7,24,7,101,遲也。,厚怒聲。
5782,合,匌,亦聲,new,labelled,True,False,,,3,68,5,12,合口也。,帀也。
5886,厂,屵,亦聲,new,labelled,True,False,,,1,75,4,75,山石之厓巖，人可居。象形。,岸高也。
6148,文,馼,亦聲,new,labelled,True,False,,,7,58,4,35,錯畫也。象交文。,馬赤鬣縞身，目若黃金，名曰𩢌。吉皇之乘，周文王時，犬戎獻之。
6283,音,𤟟,亦聲,new,labelled,True,False,,,7,70,3,99,聲也。生於心，有節於外，謂之音。宮商角徵羽，聲；絲竹金石匏土革木，音也。,竇中犬聲。
6303,壯,𤞛,亦聲,new,labelled,True,False,,,5,100,2,75,大也。,妄彊犬也。
6448,柔,煣,亦聲,new,labelled,True,False,,,3,81,3,30,木曲直也。,屈申木也。
6449,棥,燓,亦聲,new,labelled,False,False,,,4,74,4,22,藩也。,燒田也。
6546,囪,悤,亦聲,new,labelled,True,False,,,7,38,1,14,在牆曰牖，在屋曰囪。象形。,多遽悤悤也。
6596,骨,尳,亦聲,new,labelled,True,False,,,6,73,1,78,肉之覈也。,厀病也。
6613,㚔,執,亦聲,new,labelled,True,False,,,2,77,4,49,所以驚人也。,捕罪人也。
6621,亢,𠅣,亦聲,new,labelled,False,False,,,1,67,7,33,人頸也。,直項莽𠅣皃。
6629,䀠,𥉁,亦聲,new,labelled,True,False,,,5,41,1,101,左右視也。,舉目驚𥉁然也。
6630,夰,奡,亦聲,new,labelled,True,False,,,5,69,4,18,放也。,嫚也。
6631,夰,昦,亦聲,new,labelled,True,False,,,5,44,4,59,放也。,春爲昦天，元气昦昦。
6635,壯,奘,亦聲,new,labelled,True,False,,,5,85,1,33,大也。,駔大也。
6709,敬,憼,亦聲,new,labelled,True,False,,,2,57,7,52,肅也。,敬也。
6719,廣,懬,亦聲,new,labelled,True,False,,,2,75,2,102,殿之大屋也。,闊也。一曰廣也，大也。一曰寬也。
6780,弦,𢛆,亦聲,new,labelled,True,False,,,1,30,6,62,弓弦也。,急也。
6796,疑,懝,亦聲,new,labelled,True,False,,,7,56,5,73,惑也。,騃也。
6861,氣,愾,亦聲,new,labelled,True,True,,,2,38,2,7,饋客芻米也。,大息也。
6903,匡,恇,亦聲,new,labelled,True,False,,,2,27,1,50,飲器，筥也。,怯也。
7109,内,汭,亦聲,new,labelled,False,False,,,1,70,7,99,入也。,水相入也。
7131,穴,泬,亦聲,new,labelled,True,False,,,1,90,6,47,土室也。,水
7137,光,洸,亦聲,new,labelled,True,False,,,4,79,6,52,明也。,水涌光也。
7212,𠂢,派,亦聲,new,labelled,True,False,,,3,95,5,55,水之衺流，別也。,別水也。
7378,及,汲,亦聲,new,labelled,True,False,,,4,47,3,64,逮也。,引水於井也。
7393,愁,㵞,亦聲,new,labelled,True,False,,,6,100,2,53,憂也。,腹中有水气也。
7406,半,泮,亦聲,new,labelled,True,False,,,4,41,6,91,物中分也。,諸矦鄉射之宮，西南爲水，東北爲牆。
7409,苹,萍,亦聲,new,labelled,True,False,,,4,44,3,47,蓱也。無根，浮水而生者。,苹也。水艸也。
7667,不,否,亦聲,new,labelled,True,False,,,4,87,4,71,鳥飛上翔不下來也。,不也。
7738,昏,閽,亦聲,new,labelled,True,False,,,5,42,6,54,日冥也。,常以昏閉門隸也。
7862,延,挻,亦聲,new,labelled,True,False,,,2,64,6,70,長行也。,長也。
8024,毀,㩓,亦聲,new,labelled,True,False,,,6,21,1,5,缺也。,傷擊也。
8042,共,拲,亦聲,new,labelled,True,True,,,1,63,7,43,同也。,兩手同械也。
8088,因,姻,亦聲,new,labelled,True,False,,,2,34,6,63,就也。,壻家也。女之所因，故曰姻。
8093,壬,妊,亦聲,new,labelled,True,False,,,2,51,3,76,位北方也。陰極陽生，故《易》曰：“龍戰于野。”戰者，接也。象人褢妊之形。承亥壬以子，生之敘也。與巫同意。壬承辛，象人脛。脛，任體也。,孕也。
8120,卑,婢,亦聲,new,labelled,True,True,,,4,42,1,66,賤也。執事也。,女之卑者也。
8145,美,媄,亦聲,new,labelled,True,False,,,6,46,7,71,甘也。,色好也。
8381,八,匹,亦聲,new,labelled,True,True,,,6,34,2,59,別也。象分別相背之形。,四丈也。
8567,米,䋛,亦聲,new,labelled,True,False,,,7,25,2,48,粟實也。象禾實之形。,繡文如聚細米也。
8710,兩,緉,亦聲,new,labelled,True,False,,,3,43,7,70,二十四銖爲一兩。,履兩枚也。一曰絞也。
8763,冥,螟,亦聲,new,labelled,True,False,,,5,57,7,48,幽也。,蟲食穀葉者。吏冥冥犯法卽生螟。
8764,貸,蟘,亦聲,new,labelled,False,False,,,1,31,1,23,施也。,蟲，食苗葉者。吏乞貸則生蟘。
8850,食,𧐂,亦聲,new,labelled,False,False,,,5,50,4,78,一米也。,敗創也。
8939,忽,䬍,亦聲,new,labelled,True,False,,,5,3,5,38,忘也。,疾風也。
8956,圥,鼀,亦聲,new,labelled,False,False,,,4,50,3,63,None,圥鼀，詹諸也。其鳴詹諸，其皮鼀鼀，其行圥圥。
8982,平,坪,亦聲,new,labelled,True,False,,,6,99,7,94,語平舒也。,地平也。
8983,勻,均,亦聲,new,labelled,True,False,,,6,97,1,56,少也。,平徧也。
9031,黑,墨,亦聲,new,labelled,True,True,,,4,16,2,8,火所熏之色也。,書墨也。
9036,成,城,亦聲,new,labelled,True,True,,,6,98,2,68,就也。,以盛民也。
9156,炗,黃,亦聲,new,labelled,False,False,,,6,74,2,9,明也。,地之色也。
9167,工,功,亦聲,new,labelled,True,True,,,5,12,2,6,巧飾也。象人有規榘也。與巫同意。,以勞定國也。
9183,徹,勶,亦聲,new,labelled,False,False,,,2,11,6,23,通也。,發也。
9280,口,釦,亦聲,new,labelled,True,False,,,6,29,1,68,人所以言食也。象形。,金飾器口。
9293,斬,鏨,亦聲,new,labelled,True,False,,,3,96,1,39,𢧵也。,小鑿也。
9334,令,鈴,亦聲,new,labelled,True,False,,,6,62,5,72,發號也。,令丁也。
9405,柔,鍒,亦聲,new,labelled,True,False,,,6,94,7,79,木曲直也。,𨮯之耎也。
9453,半,㪵,亦聲,new,labelled,True,False,,,2,54,4,77,物中分也。,量物分半也。
9485,反,䡊,亦聲,new,labelled,True,False,,,5,25,5,51,覆也。,車耳反出也。
9542,毄,轚,亦聲,new,labelled,False,False,,,3,33,3,97,相擊中也。如車相擊。故,車轄相擊也。
9576,坴,陸,亦聲,new,labelled,True,False,,,4,102,5,15,土塊坴坴也。,高平地。
9605,頃,𨻺,亦聲,new,labelled,False,False,,,5,91,7,32,頭不正也。,仄也。
9615,兀,阢,亦聲,new,labelled,False,False,,,5,15,4,84,高而上平也。,石山戴土也。
9649,𡭴,隙,亦聲,new,labelled,True,True,,,7,83,6,33,際見之白也。,壁際孔也。
9724,稚,季,亦聲,new,labelled,True,True,,,1,86,1,21,None,少偁也。
9740,疋,疏,亦聲,new,labelled,True,True,,,6,7,3,70,足也。上象腓腸，下,通也。
9794,甘,酣,亦聲,new,labelled,True,True,,,4,86,3,84,美也。,酒樂也。
5920,龍,龐,聲,new,ordinary_mc_oc,True,True,,,1,91,4,17,鱗蟲之長。能幽，能明，能細，能巨，能短，能長；春分而登天，秋分而潛淵。,高屋也。
5013,齊,儕,聲,new,ordinary_mc_oc,True,True,,,4,12,1,60,禾麥吐穗上平也。象形。,等輩也。
8094,辰,娠,聲,new,ordinary_mc_oc,True,True,,,4,77,1,59,震也。三月，陽气動，靁電振，民農時也。物皆生，,女妊身動也。
9315,甘,鉗,聲,new,ordinary_mc_oc,True,True,,,5,32,1,13,美也。,以𨮯有所劫束也。
2919,監,籃,聲,new,ordinary_mc_oc,True,True,,,3,44,3,66,臨下也。,大篝也。
8654,句,絇,聲,new,ordinary_mc_oc,True,True,,,2,33,4,92,曲也。,纑繩絇也。
3717,弟,梯,聲,new,ordinary_mc_oc,True,True,,,4,80,7,18,韋束之次弟也。,木階也。
8242,亡,妄,聲,new,ordinary_mc_oc,True,True,,,5,48,3,55,逃也。,亂也。
6673,生,性,聲,new,ordinary_mc_oc,True,True,,,7,52,4,36,進也。象艸木生出土上。,人之陽气性善者也。
9139,半,畔,聲,new,ordinary_mc_oc,True,True,,,4,33,7,64,物中分也。,田界也。
8317,亡,氓,聲,new,ordinary_mc_oc,True,True,,,3,70,6,61,逃也。,民也。
5359,丂,考,聲,new,ordinary_mc_oc,True,True,,,2,101,1,16,气欲舒出。纸上礙於一也。丂，古文以爲亏字，又以爲巧字。,老也。
247,合,荅,聲,new,ordinary_mc_oc,True,True,,,6,51,2,16,合口也。,小尗也。
788,因,咽,聲,new,ordinary_mc_oc,True,True,,,5,16,5,78,就也。,嗌也。
7458,羊,羕,聲,new,ordinary_mc_oc,True,True,,,2,98,5,49,祥也。,水長也。
3324,亡,良,聲,new,ordinary_mc_oc,True,True,,,7,13,6,6,逃也。,善也。
5925,卑,庳,聲,new,ordinary_mc_oc,True,True,,,7,65,3,87,賤也。執事也。,中伏舍。
7765,壬,聽,聲,new,ordinary_mc_oc,True,True,,,5,47,3,90,位北方也。陰極陽生，故《易》曰：“龍戰于野。”戰者，接也。象人褢妊之形。承亥壬以子，生之敘也。與巫同意。壬承辛，象人脛。脛，任體也。,聆也。
5591,令,領,聲,new,ordinary_mc_oc,True,True,,,6,27,3,13,發號也。,項也。
282,監,藍,聲,new,ordinary_mc_oc,True,True,,,6,19,4,26,臨下也。,染青艸也。
670,高,蒿,聲,new,ordinary_mc_oc,True,True,,,7,61,5,68,崇也。象臺觀高之形。,菣也。
6203,芻,騶,聲,new,ordinary_mc_oc,True,True,,,6,87,5,36,刈艸也。象包束艸之形。,廏御也。
1260,壬,廷,聲,new,ordinary_mc_oc,True,True,,,4,63,4,41,位北方也。陰極陽生，故《易》曰：“龍戰于野。”戰者，接也。象人褢妊之形。承亥壬以子，生之敘也。與巫同意。壬承辛，象人脛。脛，任體也。,朝中也。
2372,合,鴿,聲,new,ordinary_mc_oc,True,True,,,2,60,4,8,合口也。,鳩屬。
8007,及,扱,聲,new,ordinary_mc_oc,True,True,,,5,21,5,21,逮也。,收也。
6923,斬,慙,聲,new,ordinary_mc_oc,True,True,,,7,20,2,13,𢧵也。,媿也。
4216,斬,暫,聲,new,ordinary_mc_oc,True,True,,,6,38,4,65,𢧵也。,不久也。
982,召,超,聲,new,ordinary_mc_oc,True,True,,,7,17,5,84,𧦝也。,跳也。
4576,龍,寵,聲,new,ordinary_mc_oc,True,True,,,5,59,7,75,鱗蟲之長。能幽，能明，能細，能巨，能短，能長；春分而登天，秋分而潛淵。,尊居也。
3930,工,貢,聲,new,ordinary_mc_oc,True,True,,,7,59,6,89,巧飾也。象人有規榘也。與巫同意。,獻功也。
931,文,吝,聲,new,ordinary_mc_oc,True,True,,,7,19,3,51,錯畫也。象交文。,恨惜也。
9466,干,軒,聲,new,ordinary_mc_oc,True,True,,,5,67,7,82,犯也。,曲輈藩車。
786,會,噲,聲,new,ordinary_mc_oc,True,True,,,2,67,2,45,合也。,咽也。
3070,卑,鼙,聲,new,ordinary_mc_oc,True,True,,,3,83,1,89,賤也。執事也。,騎鼓也。
18,羊,祥,聲,new,ordinary_mc_oc,True,True,,,6,64,6,72,祥也。,福也。
6680,中,忠,聲,new,ordinary_mc_oc,True,True,,,5,66,7,78,内也。,敬也。
3408,子,李,聲,new,ordinary_mc_oc,True,True,,,2,63,7,9,十一月，陽气動，萬物滋，人以爲偁。象形。,果也。
5619,含,頷,聲,new,ordinary_mc_oc,True,True,,,6,43,3,58,嗛也。,面黃也。
6708,共,恭,聲,new,ordinary_mc_oc,True,True,,,1,7,3,79,同也。,肅也。
7052,文,汶,聲,new,ordinary_mc_oc,True,True,,,7,75,1,17,錯畫也。象交文。,水。出琅邪朱虛東泰山，東入濰。
1439,易,舓,聲,new,ordinary_mc_oc,True,True,,,5,75,7,39,蜥易，蝘蜓，守宮也。象形。《祕書》說：日月爲易，象陰陽也。一曰,以舌取食也。
2598,干,肝,聲,new,ordinary_mc_oc,True,True,,,7,53,4,42,犯也。,木藏也。
8523,及,級,聲,new,ordinary_mc_oc,True,True,,,4,78,6,27,逮也。,絲次弟也。
2293,厂,雁,聲,new,ordinary_mc_oc,True,True,,,2,86,7,22,山石之厓巖，人可居。象形。,鳥也。
3192,壬,飪,聲,new,ordinary_mc_oc,True,True,,,3,88,7,31,位北方也。陰極陽生，故《易》曰：“龍戰于野。”戰者，接也。象人褢妊之形。承亥壬以子，生之敘也。與巫同意。壬承辛，象人脛。脛，任體也。,大孰也。
8512,予,紓,聲,new,ordinary_mc_oc,True,True,,,5,68,4,7,推予也。象相予之形。,緩也。
7377,先,洗,聲,new,ordinary_mc_oc,True,True,,,2,14,1,43,前進也。,洒足也。
5253,會,襘,聲,new,ordinary_mc_oc,True,True,,,4,58,2,73,合也。,帶所結也。
6911,易,惕,聲,new,ordinary_mc_oc,True,True,,,3,71,5,17,蜥易，蝘蜓，守宮也。象形。《祕書》說：日月爲易，象陰陽也。一曰,敬也。
8890,工,虹,聲,new,ordinary_mc_oc,True,True,,,4,70,2,101,巧飾也。象人有規榘也。與巫同意。,螮蝀也。狀似蟲。
2040,丩,收,聲,new,ordinary_mc_oc,True,True,,,3,12,1,80,相糾繚也。一曰瓜瓠結丩起。象形。,捕也。
2413,厂,鴈,聲,new,ordinary_mc_oc,True,True,,,3,34,6,20,山石之厓巖，人可居。象形。,䳘也。
538,毛,芼,聲,new,ordinary_mc_oc,True,True,,,6,93,5,33,眉髮之屬及獸毛也。象形。,艸覆蔓。
4888,父,布,聲,new,ordinary_mc_oc,True,True,,,1,44,3,80,矩也。家長率教者。,枲織也。
9365,豈,鎧,聲,new,ordinary_mc_oc,True,True,,,4,27,7,76,還師振旅樂也。一曰欲也，登也。,甲也。
6187,敬,驚,聲,new,ordinary_mc_oc,True,True,,,6,20,1,35,肅也。,馬駭也。
7773,龍,聾,聲,new,ordinary_mc_oc,True,True,,,5,40,6,22,鱗蟲之長。能幽，能明，能細，能巨，能短，能長；春分而登天，秋分而潛淵。,無聞也。
3153,亡,衁,聲,new,ordinary_mc_oc,True,True,,,3,56,5,37,逃也。,血也。
7411,曰,汩,聲,new,ordinary_mc_oc,True,True,,,1,12,5,45,詞也。,治水也。
149,元,玩,聲,new,ordinary_mc_oc,True,True,,,4,45,1,92,始也。,弄也。
3958,朿,責,聲,new,ordinary_mc_oc,True,True,,,2,29,5,46,木芒也。象形。,求也。
2577,豊,體,聲,new,ordinary_mc_oc,True,True,,,6,72,6,92,行禮之器也。,緫十二屬也。
4182,廣,曠,聲,new,ordinary_mc_oc,True,True,,,4,67,7,14,殿之大屋也。,明也。
6898,中,忡,聲,new,ordinary_mc_oc,True,True,,,7,18,1,57,内也。,憂也。
6684,豈,愷,聲,new,ordinary_mc_oc,True,True,,,1,4,3,24,還師振旅樂也。一曰欲也，登也。,樂也。
2565,卑,髀,聲,new,ordinary_mc_oc,True,True,,,3,76,3,88,賤也。執事也。,股也。
7220,召,沼,聲,new,ordinary_mc_oc,True,True,,,2,49,4,47,𧦝也。,池水。
979,芻,趨,聲,new,ordinary_mc_oc,True,True,,,7,82,1,90,刈艸也。象包束艸之形。,走也。
7309,音,湆,聲,new,ordinary_mc_oc,True,True,,,7,40,4,87,聲也。生於心，有節於外，謂之音。宮商角徵羽，聲；絲竹金石匏土革木，音也。,幽溼也。
5561,音,歆,聲,new,ordinary_mc_oc,True,True,,,6,58,3,77,聲也。生於心，有節於外，謂之音。宮商角徵羽，聲；絲竹金石匏土革木，音也。,神食气也。
3807,監,檻,聲,new,ordinary_mc_oc,True,True,,,6,83,6,4,臨下也。,櫳也。
1743,取,叢,聲,new,ordinary_mc_oc,True,True,,,7,21,7,85,捕取也。,聚也。
2899,延,筵,聲,new,ordinary_mc_oc,True,True,,,4,90,6,96,長行也。,竹席也。
9124,予,野,聲,new,ordinary_mc_oc,True,True,,,2,46,1,22,推予也。象相予之形。,郊外也。
2959,朿,策,聲,new,ordinary_mc_oc,True,True,,,3,77,7,42,木芒也。象形。,馬箠也。
5064,壬,任,聲,new,ordinary_mc_oc,True,True,,,3,97,1,2,位北方也。陰極陽生，故《易》曰：“龍戰于野。”戰者，接也。象人褢妊之形。承亥壬以子，生之敘也。與巫同意。壬承辛，象人脛。脛，任體也。,符也。
1861,米,鬻,聲,new,ordinary_mc_oc,True,True,,,4,99,2,87,粟實也。象禾實之形。,䭈也。
2195,弟,睇,聲,new,ordinary_mc_oc,True,True,,,4,3,3,2,韋束之次弟也。,目小視也。
3049,象,乎,聲,new,ordinary_mc_oc,True,True,,,6,31,2,86,長鼻牙，南越大獸，三秊一乳，象耳牙四足之形。,語之餘也。
3886,石,橐,聲,new,ordinary_mc_oc,True,True,,,1,88,5,83,山石也。在厂之下；囗，象形。,囊也。
9070,豈,塏,聲,new,ordinary_mc_oc,True,True,,,2,4,4,82,還師振旅樂也。一曰欲也，登也。,高燥也。
7399,弟,涕,聲,new,ordinary_mc_oc,True,True,,,6,63,4,70,韋束之次弟也。,泣也。
8856,辰,蜃,聲,new,ordinary_mc_oc,True,True,,,1,9,6,46,震也。三月，陽气動，靁電振，民農時也。物皆生，,雉入海，化爲蜃。
2044,工,攻,聲,new,ordinary_mc_oc,True,True,,,1,57,1,69,巧飾也。象人有規榘也。與巫同意。,擊也。
1762,龍,龏,聲,new,ordinary_mc_oc,True,True,,,7,76,6,57,鱗蟲之長。能幽，能明，能細，能巨，能短，能長；春分而登天，秋分而潛淵。,慤也。
4205,音,暗,聲,new,ordinary_mc_oc,True,True,,,1,13,1,73,聲也。生於心，有節於外，謂之音。宮商角徵羽，聲；絲竹金石匏土革木，音也。,日無光也。
4449,日,䵒,聲,new,ordinary_mc_oc,True,True,,,5,58,5,7,實也。太陽之精不虧。,黏也。
4630,工,空,聲,new,ordinary_mc_oc,True,True,,,4,56,6,101,巧飾也。象人有規榘也。與巫同意。,竅也。
8071,羊,姜,聲,new,ordinary_mc_oc,True,True,,,4,15,3,4,祥也。,神農居姜水，以爲姓。
5602,分,頒,聲,new,ordinary_mc_oc,True,True,,,6,12,5,43,別也。,大頭也。
1903,冒,曼,聲,new,ordinary_mc_oc,True,True,,,7,44,4,79,冡而前也。,引也。
8609,丑,紐,聲,new,ordinary_mc_oc,True,True,,,5,28,6,3,紐也。十二月，萬物動，用事。象手之形。時加丑，亦舉手時也。,系也。一曰結而可解。
1769,龍,龔,聲,new,ordinary_mc_oc,True,True,,,5,26,1,84,鱗蟲之長。能幽，能明，能細，能巨，能短，能長；春分而登天，秋分而潛淵。,給也。
4589,奇,寄,聲,new,ordinary_mc_oc,True,True,,,6,13,5,98,異也。一曰不耦。,託也。
2597,卑,脾,聲,new,ordinary_mc_oc,True,True,,,2,22,7,58,賤也。執事也。,土藏也。
2603,高,膏,聲,new,ordinary_mc_oc,True,True,,,7,94,2,92,崇也。象臺觀高之形。,𦘺也。
7500,令,零,聲,new,ordinary_mc_oc,True,True,,,2,99,4,25,發號也。,餘雨也。
196,鬼,瑰,聲,new,ordinary_mc_oc,True,True,,,1,54,1,52,人所歸爲鬼。,玟瑰。
9448,鬼,魁,聲,new,ordinary_mc_oc,True,True,,,7,71,1,12,人所歸爲鬼。,羹斗也。
5895,羊,庠,聲,new,ordinary_mc_oc,True,True,,,6,55,5,65,祥也。,禮官養老。夏曰校，殷曰庠，周曰序。
636,句,苟,聲,new,ordinary_mc_oc,True,True,,,5,94,6,43,曲也。,艸也。
3566,少,杪,聲,new,ordinary_mc_oc,True,True,,,6,65,6,7,不多也。,木標末也。
8757,兀,虺,聲,new,ordinary_mc_oc,True,True,,,1,56,6,99,高而上平也。,虺以注鳴。《詩》曰：“胡爲纵蜥。”
6156,奇,騎,聲,new,ordinary_mc_oc,True,True,,,2,41,7,35,異也。一曰不耦。,跨馬也。
8026,干,扞,聲,new,ordinary_mc_oc,True,True,,,4,101,3,42,犯也。,忮也。
899,夾,唊,聲,new,ordinary_mc_only,True,False,,,3,100,5,5,持也。,妄語也。
4026,亡,邙,聲,new,ordinary_mc_only,True,False,,,1,59,5,10,逃也。,河南洛陽北亡山上邑。
8669,半,絆,聲,new,ordinary_mc_only,True,False,,,1,15,6,16,物中分也。,馬縶也。
799,疑,㘈,聲,new,ordinary_mc_only,True,False,,,4,94,1,65,惑也。,小兒有知也。
1679,干,訐,聲,new,ordinary_mc_only,True,False,,,5,97,7,13,犯也。,面相厈罪，相告訐也。
6385,毀,燬,聲,new,ordinary_mc_only,True,False,,,3,36,2,46,缺也。,火也。
6363,平,䶄,聲,new,ordinary_mc_only,True,False,,,3,31,5,87,語平舒也。,䶄令鼠。
6281,奇,猗,聲,new,ordinary_mc_only,True,False,,,4,9,1,34,異也。一曰不耦。,犗犬也。
9494,菐,轐,聲,new,ordinary_mc_only,True,False,,,7,68,5,54,瀆菐也。,車伏兔也。
6904,夾,㤲,聲,new,ordinary_mc_only,True,False,,,5,101,4,33,持也。,思皃。
2396,昏,𪂆,聲,new,ordinary_mc_only,True,False,,,5,80,4,13,日冥也。,鳥也。
5048,合,佮,聲,new,ordinary_mc_only,True,False,,,5,23,2,54,合口也。,合也。
5549,骨,䯉,聲,new,ordinary_mc_only,True,False,,,7,57,7,67,肉之覈也。,咽中息不利也。
9554,共,輂,聲,new,ordinary_mc_only,True,False,,,5,13,2,93,同也。,大車駕馬也。
1048,朿,𧻕,聲,new,ordinary_mc_only,True,False,,,5,46,3,20,木芒也。象形。,側行也。
6109,句,駒,聲,new,ordinary_mc_only,True,False,,,2,37,1,37,曲也。,馬二歲曰駒，三歲曰駣。
6151,光,駫,聲,new,ordinary_mc_only,True,False,,,5,95,4,40,明也。,馬盛肥也。
5681,卑,𩔹,聲,new,ordinary_mc_only,True,False,,,6,33,3,102,賤也。執事也。,須髮半白也。
455,冥,蓂,聲,new,ordinary_mc_only,True,False,,,2,55,1,9,幽也。,析蓂，大薺也。
2112,毛,眊,聲,new,ordinary_mc_only,True,False,,,1,41,4,51,眉髮之屬及獸毛也。象形。,目少精也。
4446,卑,𪐄,聲,new,ordinary_mc_only,True,False,,,5,77,7,96,賤也。執事也。,黍屬。
1285,芻,齺,聲,new,ordinary_mc_only,True,False,,,5,86,2,14,刈艸也。象包束艸之形。,齒搚也。一曰齰也。一曰馬口中糜也。
8043,取,掫,聲,new,ordinary_mc_only,True,False,,,7,34,5,86,捕取也。,夜戒守，有所擊。
8972,竹,竺,聲,new,ordinary_mc_only,True,False,,,4,24,3,94,冬生艸也。象形。下垂者，箁箬也。,厚也。
3164,臽,䘓,聲,new,ordinary_mc_only,True,False,,,7,90,4,60,小阱也。,羊凝血也。
6094,召,貂,聲,new,ordinary_mc_only,True,False,,,4,1,2,4,𧦝也。,鼠屬。大而黃黑，出胡丁零國。
9148,亡,甿,聲,new,ordinary_mc_only,True,False,,,7,93,6,88,逃也。,田民也。
8842,屮,𧈪,聲,new,ordinary_mc_only,True,False,,,6,10,4,38,艸木初生也。象丨出形，有枝莖也。古文或以爲艸字。讀若徹。,蟲曳行也。
3667,合,㭘,聲,new,ordinary_mc_only,True,False,,,5,79,2,27,合口也。,劒柙也。
6511,音,黯,聲,new,ordinary_mc_only,True,False,,,5,6,6,79,聲也。生於心，有節於外，謂之音。宮商角徵羽，聲；絲竹金石匏土革木，音也。,深黑也。
2105,分,盼,聲,new,ordinary_mc_only,True,False,,,7,97,3,6,別也。,《詩》曰：“美目盼兮。”
1493,巽,譔,聲,new,ordinary_mc_only,True,False,,,3,51,3,72,具也。,專教也。
2170,生,眚,聲,new,ordinary_mc_only,True,False,,,5,19,2,65,進也。象艸木生出土上。,目病生翳也。
4484,工,䉺,聲,new,ordinary_mc_only,True,False,,,3,45,2,61,巧飾也。象人有規榘也。與巫同意。,陳臭米也。
8761,元,蚖,聲,new,ordinary_mc_only,True,False,,,1,38,7,16,始也。,榮蚖，蛇醫，以注鳴者。
1867,耳,𩱓,聲,new,ordinary_mc_only,True,False,,,2,40,5,67,主聽也。象形。,粉餅也。
6966,元,沅,聲,new,ordinary_mc_only,True,False,,,2,48,6,44,始也。,水。出牂牁故且蘭，東北入江。
8283,夾,㛍,聲,new,ordinary_mc_only,True,False,,,7,45,4,99,持也。,得志㛍㛍。一曰㛍息也，一曰少气也。
3206,丑,𩚖,聲,new,ordinary_mc_only,True,False,,,5,35,3,50,紐也。十二月，萬物動，用事。象手之形。時加丑，亦舉手時也。,雜飯也。
6016,龍,礱,聲,new,ordinary_mc_only,True,False,,,2,93,7,83,鱗蟲之長。能幽，能明，能細，能巨，能短，能長；春分而登天，秋分而潛淵。,䃺也。
1233,及,彶,聲,new,ordinary_mc_only,True,False,,,1,2,1,27,逮也。,急行也。
6484,亢,炕,聲,new,ordinary_mc_only,True,False,,,4,29,6,82,人頸也。,乾也。
1662,少,訬,聲,new,ordinary_mc_only,True,False,,,3,98,1,79,不多也。,訬，擾也。一曰訬，獪。
8294,監,㜮,聲,new,ordinary_mc_only,True,False,,,2,72,7,66,臨下也。,過差也。
666,冒,萺,聲,new,ordinary_mc_only,True,False,,,4,66,1,6,冡而前也。,艸也。
2957,令,笭,聲,new,ordinary_mc_only,True,False,,,7,6,3,26,發號也。,車笭也。
9586,鬼,隗,聲,new,ordinary_mc_only,True,False,,,3,15,5,70,人所歸爲鬼。,陮隗也。
1062,干,赶,聲,new,ordinary_mc_only,True,False,,,6,86,5,1,犯也。,舉尾走也。
1734,召,韶,聲,new,ordinary_mc_only,True,False,,,1,32,2,100,𧦝也。,虞舜樂也。《書》曰：“《簫韶》九成，鳳皇來儀。”
5703,監,䰐,聲,new,ordinary_mc_only,True,False,,,1,27,7,28,臨下也。,髮長也。
1296,奇,齮,聲,new,ordinary_mc_only,True,False,,,6,60,4,16,異也。一曰不耦。,齧也。
8662,正,䋊,聲,new,ordinary_mc_only,True,False,,,5,53,6,29,是也。,乘輿馬飾也。
4123,干,邗,聲,new,ordinary_mc_only,True,False,,,6,40,6,85,犯也。,國也，今屬臨淮。
311,及,芨,聲,new,ordinary_mc_only,True,False,,,3,72,4,1,逮也。,堇艸也。
4003,分,邠,聲,new,ordinary_mc_only,True,False,,,6,90,4,14,別也。,周太王國。在右扶風美陽。
743,平,𤘾,聲,new,ordinary_mc_only,True,False,,,4,100,1,7,語平舒也。,牛駁如星。
8879,兩,蜽,聲,new,ordinary_mc_only,True,False,,,2,36,5,76,二十四銖爲一兩。,蛧蜽也。
5489,毛,覒,聲,new,ordinary_mc_only,True,False,,,3,50,4,54,眉髮之屬及獸毛也。象形。,擇也。
3195,易,𩛿,聲,new,ordinary_mc_only,True,False,,,6,69,2,99,蜥易，蝘蜓，守宮也。象形。《祕書》說：日月爲易，象陰陽也。一曰,飴和饊者也。
7439,卑,顰,聲,new,ordinary_mc_only,True,False,,,7,9,5,39,賤也。執事也。,涉水顰蹙。
7001,令,泠,聲,new,ordinary_mc_only,True,False,,,5,92,3,40,發號也。,水。出丹陽宛陵，西北入江。
5502,句,欨,聲,new,ordinary_mc_only,True,False,,,4,61,3,74,曲也。,吹也。一曰笑意。
4137,句,邭,聲,new,ordinary_mc_only,True,False,,,3,42,3,29,曲也。,地名。
9619,章,障,聲,new,ordinary_mc_only,True,False,,,2,8,4,21,樂竟爲一章。,隔也。
7267,朿,洓,聲,new,ordinary_mc_only,True,False,,,6,61,7,40,木芒也。象形。,小雨零皃。
4188,句,昫,聲,new,ordinary_mc_only,True,False,,,3,21,1,62,曲也。,日出溫也。
3574,丩,朻,聲,new,ordinary_mc_only,True,False,,,2,47,3,91,相糾繚也。一曰瓜瓠結丩起。象形。,高木也。
2143,賓,矉,聲,new,ordinary_mc_only,True,False,,,4,91,7,84,所敬也。,恨張目也。
7700,干,閈,聲,new,ordinary_mc_only,True,False,,,7,15,4,3,犯也。,門也。
9390,少,鈔,聲,new,ordinary_mc_only,True,False,,,1,25,2,39,不多也。,叉取也。
465,元,芫,聲,new,ordinary_mc_only,True,False,,,4,83,4,15,始也。,魚毒也。
7901,斬,摲,聲,new,ordinary_mc_only,True,False,,,4,10,7,4,𢧵也。,暫也。
7107,象,潒,聲,new,ordinary_mc_only,True,False,,,6,92,3,73,長鼻牙，南越大獸，三秊一乳，象耳牙四足之形。,水潒瀁也。
3209,象,𩞧,聲,new,ordinary_mc_only,True,False,,,3,32,3,60,長鼻牙，南越大獸，三秊一乳，象耳牙四足之形。,晝食也。
2661,善,膳,聲,new,ordinary_mc_only,True,False,,,4,7,5,48,吉也。,具食也。
9354,延,鋋,聲,new,ordinary_mc_only,True,False,,,1,19,4,53,長行也。,小矛也。
1301,干,𪗙,聲,new,ordinary_mc_only,True,False,,,6,75,7,89,犯也。,齒見皃。
8184,齊,䶒,聲,new,ordinary_mc_only,True,False,,,1,37,2,19,禾麥吐穗上平也。象形。,材也。
84,敬,璥,聲,new,ordinary_mc_only,True,False,,,2,100,5,61,肅也。,玉也。
8253,善,嫸,聲,new,ordinary_mc_only,True,False,,,1,98,5,52,吉也。,好枝格人語也。一曰靳也。
6268,𥄕,萈,聲,new,ordinary_mc_only,True,False,,,4,95,5,2,目不正也。,山羊細角者。
9157,夾,䵌,聲,new,ordinary_mc_only,True,False,,,2,28,2,21,持也。,赤黃也。一曰輕易人䵌姁也。
2914,卑,箄,聲,new,ordinary_mc_only,True,False,,,4,98,7,2,賤也。執事也。,簁箄也。
6522,甘,黚,聲,new,ordinary_mc_only,True,False,,,3,30,5,81,美也。,淺黃黑也。
7629,亢,魧,聲,new,ordinary_mc_only,True,False,,,2,84,3,82,人頸也。,大貝也。一曰魚膏。
3792,取,棷,聲,new,ordinary_mc_only,True,False,,,4,92,7,68,捕取也。,木薪也。
1545,合,詥,聲,new,ordinary_mc_only,True,False,,,3,17,5,79,合口也。,諧也。
6854,喜,𢜳,聲,new,ordinary_mc_only,True,False,,,1,62,7,45,樂也。,小怒也。
6985,分,汾,聲,new,ordinary_mc_only,True,False,,,7,26,2,88,別也。,水。出太原晉陽山，西南入河。
8522,文,紊,聲,new,ordinary_mc_only,True,False,,,1,39,7,91,錯畫也。象交文。,亂也。
8919,亡,蝱,聲,new,ordinary_mc_only,True,False,,,6,66,2,51,逃也。,齧人飛蟲。
1255,勻,𢓈,聲,new,ordinary_mc_only,True,False,,,5,5,3,38,少也。,行示也。
5826,疑,嶷,聲,new,ordinary_mc_only,True,False,,,7,87,1,45,惑也。,九嶷山，舜所葬，在零陵營道。
6370,句,鼩,聲,new,ordinary_mc_only,True,False,,,6,39,1,85,曲也。,精鼩鼠也。
2823,奇,觭,聲,new,ordinary_mc_only,True,False,,,2,102,4,96,異也。一曰不耦。,角一俛一仰也。
4108,會,鄶,聲,new,ordinary_mc_only,True,False,,,2,61,3,46,合也。,祝融之後，妘姓所封。潧洧之間。鄭滅之。
2747,會,劊,聲,new,ordinary_mc_only,True,False,,,1,35,2,71,合也。,斷也。
1254,奇,徛,聲,new,ordinary_mc_only,True,False,,,3,99,6,48,異也。一曰不耦。,舉脛有渡也。
8141,耳,㛅,聲,new,ordinary_mc_only,True,False,,,4,22,1,38,主聽也。象形。,女號也。
570,斬,蔪,聲,new,ordinary_mc_only,True,False,,,7,85,6,55,𢧵也。,艸相蔪苞也。
5127,易,㑥,聲,new,ordinary_mc_only,True,False,,,6,91,1,74,蜥易，蝘蜓，守宮也。象形。《祕書》說：日月爲易，象陰陽也。一曰,輕也。
3927,臤,賢,聲,new,ordinary_mc_only,True,False,,,1,100,3,68,堅也。,多才也。
7820,甘,拑,聲,new,ordinary_mc_only,True,False,,,4,14,2,47,美也。,脅持也。
9132,奇,畸,聲,new,ordinary_mc_only,True,False,,,3,6,2,79,異也。一曰不耦。,殘田也。
4948,予,伃,聲,new,ordinary_mc_only,True,False,,,1,101,5,57,推予也。象相予之形。,婦官也。
4461,卑,粺,聲,new,ordinary_mc_only,True,False,,,2,12,5,92,賤也。執事也。,毇也。
1651,丩,訆,聲,new,ordinary_mc_only,True,False,,,2,6,1,36,相糾繚也。一曰瓜瓠結丩起。象形。,大呼也。
3473,齊,櫅,聲,new,ordinary_mc_only,True,False,,,1,26,6,51,禾麥吐穗上平也。象形。,木也。可以爲大車軸。
5287,分,衯,聲,new,ordinary_mc_only,True,False,,,6,85,7,62,別也。,長衣皃。
5933,酉,庮,聲,new,ordinary_mc_only,True,False,,,7,98,1,87,就也。八月黍成，可爲酎酒。象古文酉之形。,久屋朽木。
1178,酉,逎,聲,new,ordinary_mc_only,True,False,,,6,22,2,78,就也。八月黍成，可爲酎酒。象古文酉之形。,迫也。
7924,工,扛,聲,new,ordinary_mc_only,True,False,,,7,48,5,44,巧飾也。象人有規榘也。與巫同意。,橫關對舉也。
8772,臽,蜭,聲,new,ordinary_mc_only,True,False,,,6,8,1,25,小阱也。,毛蠹也。
4934,巽,僎,聲,new,ordinary_mc_only,True,False,,,4,28,2,25,具也。,具也。
1329,石,跖,聲,new,ordinary_mc_only,True,False,,,6,11,6,13,山石也。在厂之下；囗，象形。,足下也。
4397,子,秄,聲,new,ordinary_mc_only,True,False,,,3,94,5,14,十一月，陽气動，萬物滋，人以爲偁。象形。,壅禾本。
6301,廣,獷,聲,new,ordinary_mc_only,True,False,,,3,58,7,61,殿之大屋也。,犬獷獷不可附也。
3571,召,柖,聲,new,ordinary_mc_only,True,False,,,1,74,6,98,𧦝也。,樹搖皃。
4391,少,秒,聲,new,ordinary_mc_only,True,False,,,5,62,7,15,不多也。,禾芒也。
3750,斬,槧,聲,new,ordinary_mc_only,True,False,,,3,60,1,99,𢧵也。,牘樸也。
9464,丑,䂇,聲,new,ordinary_mc_only,True,False,,,5,27,3,28,紐也。十二月，萬物動，用事。象手之形。時加丑，亦舉手時也。,剌也。
5296,合,袷,聲,new,ordinary_mc_only,True,False,,,5,18,7,87,合口也。,衣無絮。
7925,分,扮,聲,new,ordinary_mc_only,True,False,,,7,10,3,45,別也。,握也。
7323,自,洎,聲,new,ordinary_mc_only,True,False,,,1,77,1,76,鼻也。象鼻形。,灌釜也。
8749,鄉,蠁,聲,new,ordinary_mc_only,True,False,,,4,2,7,8,None,知聲蟲也。
5267,石,袥,聲,new,ordinary_mc_only,True,False,,,1,33,2,28,山石也。在厂之下；囗，象形。,衣衸。
8750,召,蛁,聲,new,ordinary_mc_only,True,False,,,6,48,2,33,𧦝也。,蟲也。
6766,干,忓,聲,new,ordinary_mc_only,True,False,,,7,14,2,82,犯也。,極也。
2538,丂,㱙,聲,new,ordinary_mc_only,True,False,,,3,29,7,20,气欲舒出。纸上礙於一也。丂，古文以爲亏字，又以爲巧字。,腐也。
1397,句,跔,聲,new,ordinary_mc_only,True,False,,,2,66,4,68,曲也。,天寒足跔也。
2122,冒,𥈆,聲,new,ordinary_mc_only,True,False,,,7,72,4,97,冡而前也。,低目視也。
8285,毀,𡢕,聲,new,ordinary_mc_only,True,False,,,5,22,7,24,缺也。,惡也。一曰人皃。
5321,易,裼,聲,new,ordinary_mc_only,True,False,,,3,23,6,11,蜥易，蝘蜓，守宮也。象形。《祕書》說：日月爲易，象陰陽也。一曰,袒也。
6319,易,𤟍,聲,new,ordinary_mc_only,True,False,,,5,61,2,10,蜥易，蝘蜓，守宮也。象形。《祕書》說：日月爲易，象陰陽也。一曰,犬張耳皃。
4380,廣,穬,聲,new,ordinary_mc_only,True,False,,,5,49,4,39,殿之大屋也。,芒粟也。
2108,見,睍,聲,new,ordinary_mc_only,True,False,,,1,89,2,91,視也。,出目也。
3154,不,衃,聲,new,ordinary_mc_only,True,False,,,6,47,3,33,鳥飛上翔不下來也。,凝血也。
3935,弋,貣,聲,new,ordinary_mc_only,True,False,,,5,2,1,88,橜也。象折木衺銳著形。,从人求物也。
8555,弟,綈,聲,new,ordinary_mc_only,True,False,,,5,83,2,31,韋束之次弟也。,厚繒也。
2178,米,眯,聲,new,ordinary_mc_only,True,False,,,4,34,1,40,粟實也。象禾實之形。,艸入目中也。
9013,見,垷,聲,new,ordinary_mc_only,True,False,,,2,83,5,25,視也。,涂也。
4,不,丕,聲,new,ordinary_mc_only,True,False,,,7,89,3,85,鳥飛上翔不下來也。,大也。
3636,龍,㰍,聲,new,ordinary_mc_only,True,False,,,7,16,4,4,鱗蟲之長。能幽，能明，能細，能巨，能短，能長；春分而登天，秋分而潛淵。,房室之疏也。
8122,弋,㚤,聲,new,ordinary_mc_only,True,False,,,6,68,6,25,橜也。象折木衺銳著形。,婦官也。
3971,疋,䝪,聲,new,ordinary_mc_only,True,False,,,2,30,2,3,足也。上象腓腸，下,齎財卜問爲䝪。
997,臤,𧼒,聲,new,ordinary_mc_only,True,False,,,2,81,4,9,堅也。,行皃。
8534,骨,縎,聲,new,ordinary_mc_only,True,False,,,1,6,7,95,肉之覈也。,結也。
1795,及,靸,聲,new,ordinary_mc_only,True,False,,,2,89,3,62,逮也。,小兒履也。
6243,章,麞,聲,new,ordinary_mc_only,True,False,,,5,63,3,22,樂竟爲一章。,麋屬。
3872,句,䅓,聲,new,ordinary_mc_only,True,False,,,3,84,2,55,曲也。,䅩䅓也。
7600,分,魵,聲,new,ordinary_mc_only,True,False,,,4,54,6,18,別也。,魚名。出薉邪頭國。
1982,干,皯,聲,new,ordinary_mc_only,True,False,,,2,16,4,31,犯也。,面黑气也。
2303,弋,隿,聲,new,ordinary_mc_only,True,False,,,5,43,5,47,橜也。象折木衺銳著形。,繳射飛鳥也。
9487,奇,輢,聲,new,ordinary_mc_only,True,False,,,4,59,1,46,異也。一曰不耦。,車㫄也。
4313,生,夝,聲,new,ordinary_mc_only,True,False,,,1,82,2,20,進也。象艸木生出土上。,雨而夜除星見也。
6653,句,竘,聲,new,ordinary_mc_only,True,False,,,5,87,3,101,曲也。,健也。一曰匠也。
4959,分,份,聲,new,ordinary_mc_only,True,False,,,1,40,7,36,別也。,文質僣也。
4187,易,晹,聲,new,ordinary_mc_only,True,False,,,7,5,2,62,蜥易，蝘蜓，守宮也。象形。《祕書》說：日月爲易，象陰陽也。一曰,日覆雲暫見也。
6205,日,馹,聲,new,ordinary_mc_only,True,False,,,4,19,1,70,實也。太陽之精不虧。,驛傳也。
5800,虎,䰧,聲,new,ordinary_mc_only,True,False,,,3,75,4,12,山獸之君。,鬼皃。
2093,夾,䀹,聲,new,ordinary_mc_only,True,False,,,7,37,3,78,持也。,目㫄毛也。
9353,及,鈒,聲,new,ordinary_mc_only,True,False,,,7,47,4,91,逮也。,鋋也。
5117,善,僐,聲,new,ordinary_mc_only,True,False,,,6,14,3,44,吉也。,作姿也。
5910,會,廥,聲,new,ordinary_mc_only,True,False,,,4,97,5,94,合也。,芻藁之藏。
984,丩,赳,聲,new,ordinary_mc_only,True,False,,,5,90,3,23,相糾繚也。一曰瓜瓠結丩起。象形。,輕勁有才力也。
2824,丩,觓,聲,new,ordinary_mc_only,True,False,,,4,81,2,94,相糾繚也。一曰瓜瓠結丩起。象形。,角皃。
8682,昏,緍,聲,new,ordinary_mc_only,True,False,,,7,88,6,24,日冥也。,釣魚𦅾也。
8005,平,抨,聲,new,ordinary_mc_only,True,False,,,2,94,5,41,語平舒也。,撣也。
1018,臭,𧽒,聲,new,ordinary_mc_only,True,False,,,7,50,5,42,禽走，臭而知其迹者，犬也。,行也。
5162,召,佋,聲,new,ordinary_mc_only,True,False,,,7,63,2,70,𧦝也。,廟佋穆。父爲佋，南面。子爲穆，北面。
7627,高,鰝,聲,new,ordinary_mc_only,True,False,,,7,51,3,37,崇也。象臺觀高之形。,大鰕也。
4711,句,痀,聲,new,ordinary_mc_only,True,False,,,3,48,7,38,曲也。,曲𦟝也。
4013,合,郃,聲,new,ordinary_mc_only,True,False,,,1,69,5,3,合口也。,左馮翊郃陽縣。
254,子,芓,聲,new,ordinary_mc_only,True,False,,,6,6,2,64,十一月，陽气動，萬物滋，人以爲偁。象形。,麻母也。
8767,柔,蝚,聲,new,ordinary_mc_only,True,False,,,5,102,7,49,木曲直也。,蛭蝚，至掌也。
8812,夾,蛺,聲,new,ordinary_mc_only,True,False,,,5,10,3,95,持也。,蛺蜨也。
7317,丑,沑,聲,new,ordinary_mc_only,True,False,,,3,11,4,80,紐也。十二月，萬物動，用事。象手之形。時加丑，亦舉手時也。,水吏也。又，溫也。
5326,壯,裝,聲,new,ordinary_mc_only,True,False,,,4,53,4,62,大也。,裹也。
5640,豈,顗,聲,new,ordinary_mc_only,True,False,,,4,37,7,34,還師振旅樂也。一曰欲也，登也。,謹莊皃。
9491,令,軨,聲,new,ordinary_mc_only,True,False,,,1,10,3,98,發號也。,車轖閒橫木。
8992,菐,墣,聲,new,ordinary_mc_only,True,False,,,6,71,2,44,瀆菐也。,塊也。
4122,章,鄣,聲,new,ordinary_mc_only,True,False,,,3,13,1,58,樂竟爲一章。,紀邑也。
9632,元,阮,聲,new,ordinary_mc_only,True,False,,,6,23,5,28,始也。,代郡五阮關也。
8207,賓,嬪,聲,new,ordinary_mc_only,True,False,,,3,8,1,97,所敬也。,服也。
6912,共,㤨,聲,new,ordinary_mc_only,True,False,,,5,84,5,13,同也。,戰慄也。
3290,后,缿,聲,new,ordinary_mc_only,True,False,,,7,67,1,61,遲也。,受錢器也。
7447,曰,𡿯,聲,new,ordinary_mc_only,True,False,,,6,24,7,51,詞也。,水流也。
1116,合,䢔,聲,new,ordinary_mc_only,True,False,,,1,73,3,11,合口也。,遝也。
8467,少,玅,聲,new,ordinary_mc_only,True,False,,,5,74,6,10,不多也。,急戾也。
6240,辰,麎,聲,new,ordinary_mc_only,True,False,,,1,16,2,17,震也。三月，陽气動，靁電振，民農時也。物皆生，,牝麋也。
9630,奇,陭,聲,new,ordinary_mc_only,True,False,,,6,49,5,53,異也。一曰不耦。,上黨陭氏阪也。
6501,臽,燄,聲,new,ordinary_mc_only,True,False,,,3,9,5,91,小阱也。,火行微燄燄也。
4904,合,𢂷,聲,new,ordinary_mc_only,True,False,,,3,4,5,4,合口也。,士無巿有𢂷。制如榼，缺四角。爵弁服，其色韎。賤不得與裳同。司農曰：“裳，纁色。”
2043,句,敂,聲,new,ordinary_mc_only,True,False,,,5,20,6,8,曲也。,擊也。
4754,易,痬,聲,new,ordinary_mc_only,True,False,,,1,34,4,2,蜥易，蝘蜓，守宮也。象形。《祕書》說：日月爲易，象陰陽也。一曰,脈痬也。
1688,朿,𧧒,聲,new,ordinary_mc_only,True,False,,,5,99,6,1,木芒也。象形。,數諫也。
5364,先,毨,聲,new,ordinary_mc_only,True,False,,,3,93,1,64,前進也。,仲秋，鳥獸毛盛，可選取以爲器用。
6661,卑,䇑,聲,new,ordinary_mc_only,True,False,,,2,74,7,30,賤也。執事也。,短人立䇑䇑皃。
2042,丂,攷,聲,new,ordinary_mc_only,True,False,,,7,60,4,45,气欲舒出。纸上礙於一也。丂，古文以爲亏字，又以爲巧字。,敂也。
1396,先,跣,聲,new,ordinary_mc_only,True,False,,,1,71,3,83,前進也。,足親地也。
784,龍,嚨,聲,new,ordinary_mc_only,True,False,,,4,51,4,57,鱗蟲之長。能幽，能明，能細，能巨，能短，能長；春分而登天，秋分而潛淵。,喉也。
1100,正,𨒌,聲,new,ordinary_mc_only,True,False,,,5,82,6,84,是也。,正、行也。
3837,分,棼,聲,new,ordinary_mc_only,True,False,,,5,71,4,19,別也。,複屋棟也。
7717,豈,闓,聲,new,ordinary_mc_only,True,False,,,2,3,4,58,還師振旅樂也。一曰欲也，登也。,開也。
4821,音,罯,聲,new,ordinary_mc_only,True,False,,,1,47,5,24,聲也。生於心，有節於外，謂之音。宮商角徵羽，聲；絲竹金石匏土革木，音也。,覆也。
8010,菐,撲,聲,new,ordinary_mc_only,True,False,,,5,65,2,60,瀆菐也。,挨也。
3779,光,桄,聲,new,ordinary_mc_only,True,False,,,6,32,1,26,明也。,充也。
3933,齊,齎,聲,new,ordinary_mc_only,True,False,,,5,9,1,51,禾麥吐穗上平也。象形。,持遺也。
1868,芻,𩱦,聲,new,ordinary_mc_only,True,False,,,6,1,5,74,刈艸也。象包束艸之形。,𤎅也。
8591,不,紑,聲,new,ordinary_mc_only,True,False,,,1,51,2,85,鳥飛上翔不下來也。,白鮮衣皃。
5304,中,衷,聲,new,ordinary_mc_only,True,False,,,6,56,5,31,内也。,裏䙝衣。
8508,召,紹,聲,new,ordinary_mc_only,True,False,,,5,73,6,37,𧦝也。,繼也。
1785,干,靬,聲,new,ordinary_mc_only,True,False,,,1,50,7,60,犯也。,靬，乾革也。武威有麗靬縣。
8941,日,䫻,聲,new,ordinary_mc_only,True,False,,,3,25,2,49,實也。太陽之精不虧。,大風也。
9247,監,鑑,聲,new,ordinary_mc_only,True,False,,,7,43,4,76,臨下也。,大盆也。一曰監諸，可以取明水於月。
7275,龍,瀧,聲,new,ordinary_mc_only,True,False,,,1,99,2,34,鱗蟲之長。能幽，能明，能細，能巨，能短，能長；春分而登天，秋分而潛淵。,雨瀧瀧皃。
3344,穴,䴳,聲,new,ordinary_mc_only,True,False,,,3,66,7,47,土室也。,餅𥶶也。
6274,會,獪,聲,new,ordinary_mc_only,True,False,,,7,78,5,32,合也。,狡獪也。
6013,延,硟,聲,new,ordinary_mc_only,True,False,,,1,5,6,67,長行也。,以石扞繒也。
5479,豈,覬,聲,new,ordinary_mc_only,True,False,,,3,102,2,24,還師振旅樂也。一曰欲也，登也。,㰟𡴘也。
2738,奇,剞,聲,new,ordinary_mc_only,True,False,,,7,4,4,11,異也。一曰不耦。,剞𠜾，曲刀也。
3808,龍,櫳,聲,new,ordinary_mc_only,True,False,,,3,20,2,22,鱗蟲之長。能幽，能明，能細，能巨，能短，能長；春分而登天，秋分而潛淵。,檻也。
2691,生,胜,聲,new,ordinary_mc_only,True,False,,,2,20,2,63,進也。象艸木生出土上。,犬膏臭也。
9593,夾,陜,聲,new,ordinary_mc_only,True,False,,,4,89,6,80,持也。,隘也。
3758,及,极,聲,new,ordinary_mc_only,True,False,,,3,69,1,8,逮也。,驢上負也。
9370,工,釭,聲,new,ordinary_mc_only,True,False,,,7,101,3,31,巧飾也。象人有規榘也。與巫同意。,車轂中𨮯也。
2324,象,羋,聲,new,ordinary_mc_only,True,False,,,2,25,4,43,長鼻牙，南越大獸，三秊一乳，象耳牙四足之形。,羊鳴也。
5605,骨,顝,聲,new,ordinary_mc_only,True,False,,,2,17,6,28,肉之覈也。,大頭也。
4274,奇,旖,聲,new,ordinary_mc_only,True,False,,,2,15,6,78,異也。一曰不耦。,旗旖施也。
4413,高,稾,聲,new,ordinary_mc_only,True,False,,,3,65,2,89,崇也。象臺觀高之形。,稈也。
6745,先,㤅,聲,new,ordinary_mc_only,True,False,,,6,30,1,30,前進也。,惠也。
6824,元,忨,聲,new,ordinary_mc_only,True,False,,,5,31,7,11,始也。,貪也。
5038,先,侁,聲,new,ordinary_mc_only,True,False,,,3,38,7,81,前進也。,行皃。
199,干,玕,聲,new,ordinary_mc_only,True,False,,,6,41,6,66,犯也。,琅玕也。
8703,易,緆,聲,new,ordinary_mc_only,True,False,,,2,70,2,42,蜥易，蝘蜓，守宮也。象形。《祕書》說：日月爲易，象陰陽也。一曰,細布也。
1707,音,諳,聲,new,ordinary_mc_only,True,False,,,1,20,1,48,聲也。生於心，有節於外，謂之音。宮商角徵羽，聲；絲竹金石匏土革木，音也。,悉也。
7266,冥,溟,聲,new,ordinary_mc_only,True,False,,,7,66,6,49,幽也。,小雨溟溟也。
9050,自,垍,聲,new,ordinary_mc_only,True,False,,,5,76,6,59,鼻也。象鼻形。,堅土也。
2157,易,睗,聲,new,ordinary_mc_only,True,False,,,3,7,7,23,蜥易，蝘蜓，守宮也。象形。《祕書》說：日月爲易，象陰陽也。一曰,目疾視也。
2072,召,𠧙,聲,new,ordinary_mc_only,True,False,,,4,38,3,10,𧦝也。,卜問也。
4360,坴,稑,聲,new,ordinary_mc_only,True,False,,,1,96,6,90,土塊坴坴也。,疾孰也。
4245,成,晟,聲,new,ordinary_mc_only,True,False,,,7,30,1,67,就也。,明也。
7554,系,鯀,聲,new,ordinary_mc_only,True,False,,,3,41,1,82,繋也。,魚也。
8635,穴,䋉,聲,new,ordinary_mc_only,True,False,,,3,52,1,86,土室也。,縷一枚也。
1084,朿,㭰,聲,new,ordinary_mc_only,True,False,,,3,40,7,27,木芒也。象形。,識也。
5275,召,袑,聲,new,ordinary_mc_only,True,False,,,7,79,1,28,𧦝也。,絝上也。
8095,芻,媰,聲,new,ordinary_mc_only,True,False,,,2,39,5,35,刈艸也。象包束艸之形。,婦人妊身也。
4083,卑,郫,聲,new,ordinary_mc_only,True,False,,,1,52,2,38,賤也。執事也。,蜀縣也。
9331,勻,鈞,聲,new,ordinary_mc_only,True,False,,,5,96,5,6,少也。,三十斤也。
150,令,玲,聲,new,ordinary_mc_only,True,False,,,1,1,3,89,發號也。,玉聲。
7025,頃,潁,聲,new,ordinary_mc_only,True,False,,,2,97,6,95,頭不正也。,水。出潁川陽城乾山，東入淮。
5083,子,仔,聲,new,ordinary_mc_only,True,False,,,3,67,3,65,十一月，陽气動，萬物滋，人以爲偁。象形。,克也。
604,卑,萆,聲,new,ordinary_mc_only,True,False,,,5,56,1,55,賤也。執事也。,雨衣。一曰衰衣。
1273,干,衎,聲,new,ordinary_mc_only,True,False,,,7,23,2,72,犯也。,行喜皃。
6424,共,烘,聲,new,ordinary_mc_only,True,False,,,1,23,2,74,同也。,尞也。
7619,生,鮏,聲,new,ordinary_mc_only,True,False,,,6,88,1,91,進也。象艸木生出土上。,魚臭也。
2381,祟,䳳,聲,new,ordinary_mc_only,True,False,,,3,86,7,90,神禍也。,鳥也。
1710,耒,誄,聲,new,ordinary_mc_only,True,False,,,7,81,2,2,手耕曲木也。,諡也。
4973,工,仜,聲,new,ordinary_mc_only,True,False,,,1,43,5,64,巧飾也。象人有規榘也。與巫同意。,大腹也。
5355,句,耇,聲,new,ordinary_mc_only,True,False,,,3,26,5,30,曲也。,老人面凍黎若垢。
5633,善,𩕊,聲,new,ordinary_mc_only,True,False,,,1,87,2,52,吉也。,倨視人也。
6410,干,㶣,聲,new,ordinary_mc_only,True,False,,,6,79,6,75,犯也。,小熱也。
7283,臽,淊,聲,new,ordinary_mc_only,True,False,,,5,36,4,20,小阱也。,泥水淊淊也。一曰繅絲湯也。
4677,鬼,瘣,聲,new,ordinary_mc_only,True,False,,,4,57,7,86,人所歸爲鬼。,病也。
8102,句,姁,聲,new,ordinary_mc_only,True,False,,,2,59,4,55,曲也。,嫗也。
8181,井,妌,聲,new,ordinary_mc_only,True,False,,,2,50,5,62,八家一井，象構韓形。•，𦉥之象也。古者伯益初作井。,靜也。
5036,夾,俠,聲,new,ordinary_mc_only,True,False,,,7,80,6,38,持也。,俜也。
2595,臤,腎,聲,new,ordinary_mc_only,True,False,,,7,29,7,6,堅也。,水藏也。
6209,先,駪,聲,new,ordinary_mc_only,True,False,,,7,2,6,60,前進也。,馬眾多皃。
882,見,哯,聲,new,ordinary_mc_only,True,False,,,3,53,7,5,視也。,不歐而吐也。
5658,昏,䫒,聲,new,ordinary_mc_only,True,False,,,6,77,3,1,日冥也。,繫頭殟也。
9188,少,劣,聲,new,ordinary_mc_only,True,False,,,4,60,6,94,不多也。,弱也。
4553,成,宬,聲,new,ordinary_mc_only,True,False,,,1,97,6,30,就也。,屋所容受也。
2586,不,肧,聲,new,ordinary_mc_only,True,False,,,4,75,5,60,鳥飛上翔不下來也。,婦孕一月也。
1288,取,齱,聲,new,ordinary_mc_only,True,False,,,4,23,6,15,捕取也。,齵也。
2736,句,𠛎,聲,new,ordinary_mc_only,True,False,,,5,51,1,53,曲也。,鎌也。
9335,正,鉦,聲,new,ordinary_mc_only,True,False,,,2,79,6,40,是也。,鐃也。似鈴，柄中，上下通。
9402,弟,銻,聲,new,ordinary_mc_only,True,False,,,4,31,6,76,韋束之次弟也。,鎕銻也。
5078,令,伶,聲,new,ordinary_mc_only,True,False,,,2,23,5,40,發號也。,弄也。
8441,召,弨,聲,new,ordinary_mc_only,True,False,,,5,30,4,85,𧦝也。,弓反也。
8291,會,嬒,聲,new,ordinary_mc_only,True,False,,,4,40,7,25,合也。,女黑色也。
2682,疋,胥,聲,new,ordinary_mc_only,True,False,,,4,93,6,93,足也。上象腓腸，下,蟹醢也。
4884,及,㠷,聲,new,ordinary_mc_only,True,False,,,6,59,4,46,逮也。,蒲席𤲑也。
9141,亢,㽘,聲,new,ordinary_mc_only,True,False,,,3,55,7,80,人頸也。,境也。一曰陌也。趙魏謂陌爲㽘。
4752,夾,㾜,聲,new,ordinary_mc_only,True,False,,,4,36,7,1,持也。,病息也。
664,召,苕,聲,new,ordinary_mc_only,True,False,,,6,26,5,90,𧦝也。,艸也。
4378,亢,秔,聲,new,ordinary_mc_only,True,False,,,7,55,6,83,人頸也。,稻屬。
9180,冒,勖,聲,new,ordinary_mc_only,True,False,,,4,43,4,64,冡而前也。,勉也。《周書》曰：“勖哉，夫子！”
1712,后,詬,聲,new,ordinary_mc_only,True,False,,,6,18,3,71,遲也。,謑詬，恥也。
4890,弦,㡉,聲,new,ordinary_mc_only,True,False,,,7,42,1,77,弓弦也。,布。出東萊。
4063,自,郋,聲,new,ordinary_mc_only,True,False,,,5,14,4,23,鼻也。象鼻形。,汝南邵陵里。
8157,畫,嫿,聲,new,ordinary_mc_only,True,False,,,7,73,7,98,界也。象田四界。聿，所以畫之。,靜好也。
6949,八,汃,聲,new,ordinary_mc_only,True,False,,,3,3,6,9,別也。象分別相背之形。,西極之水也。
5586,夾,頰,聲,new,ordinary_mc_only,True,False,,,2,10,4,73,持也。,面㫄也。
4833,分,𢁥,聲,new,ordinary_mc_only,True,False,,,1,49,1,81,別也。,楚謂大巾曰𢁥。
653,𠧴,𦵵,聲,new,ordinary_mc_only,True,False,,,7,12,2,96,气行皃。,艸也。
7625,令,魿,聲,new,ordinary_mc_only,True,False,,,2,90,5,96,發號也。,蟲連行紆行者。
9202,食,飭,聲,new,ordinary_mc_only,True,False,,,1,61,1,24,一米也。,致堅也。
7766,令,聆,聲,new,ordinary_mc_only,True,False,,,7,27,2,40,發號也。,聽也。
2737,豈,剴,聲,new,ordinary_mc_only,True,False,,,6,81,7,73,還師振旅樂也。一曰欲也，登也。,大鎌也。一曰摩也。
4095,耒,䣂,聲,new,ordinary_mc_only,True,False,,,4,49,6,32,手耕曲木也。,今桂陽䣂陽縣。
3961,反,販,聲,new,ordinary_mc_only,True,False,,,6,9,7,88,覆也。,買賤賣貴者。
4941,及,伋,聲,new,ordinary_mc_only,True,False,,,7,3,5,19,逮也。,人名。
9058,章,墇,聲,new,ordinary_mc_only,True,False,,,2,62,5,93,樂竟爲一章。,擁也。
823,四,呬,聲,new,ordinary_mc_only,True,False,,,1,60,4,52,陰𢿙也。象四分之形。,東夷謂息爲呬。
8421,令,瓴,聲,new,ordinary_mc_only,True,False,,,5,98,7,41,發號也。,瓮，似瓶也。
9653,卑,陴,聲,new,ordinary_mc_only,True,False,,,6,53,3,48,賤也。執事也。,城上女牆俾倪也。
9499,柔,輮,聲,new,ordinary_mc_only,True,False,,,7,86,2,36,木曲直也。,車軔也。
5027,耳,佴,聲,new,ordinary_mc_only,True,False,,,1,79,5,20,主聽也。象形。,佽也。
8515,㚔,緈,聲,new,ordinary_mc_only,True,False,,,7,41,2,1,所以驚人也。,直也。
9539,匡,軭,聲,new,ordinary_mc_only,True,False,,,3,82,2,98,飲器，筥也。,車戾也。
4109,元,邧,聲,new,ordinary_mc_only,True,False,,,5,64,3,12,始也。,鄭邑也。
536,會,薈,聲,new,ordinary_mc_only,True,False,,,3,46,1,11,合也。,艸多皃。
8753,鬼,螝,聲,new,ordinary_mc_only,True,False,,,6,54,3,93,人所歸爲鬼。,蛹也。
4143,丑,𨙺,聲,new,ordinary_mc_only,True,False,,,1,64,6,34,紐也。十二月，萬物動，用事。象手之形。時加丑，亦舉手時也。,地名。
195,文,玟,聲,new,ordinary_mc_only,True,False,,,4,76,2,35,錯畫也。象交文。,火齊，玫瑰也。一曰石之美者。
498,不,芣,聲,new,ordinary_mc_only,True,False,,,4,96,4,27,鳥飛上翔不下來也。,華盛。
5595,不,𩑢,聲,new,ordinary_mc_only,True,False,,,5,45,1,41,鳥飛上翔不下來也。,曲頤也。
2226,干,鼾,聲,new,ordinary_mc_only,True,False,,,1,68,5,71,犯也。,臥息也。
1307,豈,䶣,聲,new,ordinary_mc_only,True,False,,,5,88,1,100,還師振旅樂也。一曰欲也，登也。,𪙌牙也。
5307,卑,裨,聲,new,ordinary_mc_only,True,False,,,6,52,1,47,賤也。執事也。,接益也。
4379,毛,秏,聲,new,ordinary_mc_only,True,False,,,7,7,3,35,眉髮之屬及獸毛也。象形。,稻屬。
3061,否,嚭,聲,new,ordinary_mc_only,True,False,,,2,58,1,54,不也。,大也。
4774,疑,癡,聲,new,ordinary_mc_only,True,False,,,1,76,3,34,惑也。,不慧也。
752,生,牲,聲,new,ordinary_mc_only,True,False,,,4,73,4,86,進也。象艸木生出土上。,牛完全。
354,弦,𦱁,聲,new,ordinary_mc_only,True,False,,,6,78,1,42,弓弦也。,艸也。
4340,反,版,聲,new,ordinary_mc_only,True,False,,,7,8,5,11,覆也。,判也。
4942,亢,伉,聲,new,ordinary_mc_only,True,False,,,3,54,4,95,人頸也。,人名。
303,予,芧,聲,new,ordinary_mc_only,True,False,,,7,69,2,23,推予也。象相予之形。,艸也。
4116,取,郰,聲,new,ordinary_mc_only,True,False,,,2,2,4,93,捕取也。,魯下邑。孔子之鄉。
4614,音,窨,聲,new,ordinary_mc_only,True,False,,,3,27,3,52,聲也。生於心，有節於外，謂之音。宮商角徵羽，聲；絲竹金石匏土革木，音也。,地室。
7578,豊,鱧,聲,new,ordinary_mc_only,True,False,,,4,46,1,71,行禮之器也。,鳠也。
4408,會,𥢶,聲,new,ordinary_mc_only,True,False,,,4,88,1,96,合也。,穅也。
8954,元,黿,聲,new,ordinary_mc_only,True,False,,,3,5,7,72,始也。,大鼈也。
2301,工,𨾊,聲,new,ordinary_mc_only,True,False,,,4,52,6,50,巧飾也。象人有規榘也。與巫同意。,鳥肥大𨾊𨾊也。
5546,臽,欿,聲,new,ordinary_mc_only,True,False,,,1,94,5,66,小阱也。,欲得也。
2254,夾,翜,聲,new,ordinary_mc_only,True,False,,,3,37,1,32,持也。,捷也。飛之疾也。
726,反,叛,聲,new,ordinary_mc_only,True,False,,,6,96,2,41,覆也。,半也。
8833,𡭴,𧎾,聲,new,ordinary_mc_only,True,False,,,7,22,3,54,際見之白也。,螶𧎾也。一曰蜉游。朝生莫死者。
8557,高,縞,聲,new,ordinary_mc_only,True,False,,,2,69,7,74,崇也。象臺觀高之形。,鮮色也。
7099,共,洪,聲,new,ordinary_mc_only,True,False,,,2,31,6,86,同也。,洚水也。
6100,穴,貁,聲,new,ordinary_mc_only,True,False,,,2,56,7,46,土室也。,鼠屬。善旋。
3703,廣,櫎,聲,new,ordinary_mc_only,True,False,,,5,24,5,88,殿之大屋也。,所以几器。
4514,取,黀,聲,new,ordinary_mc_only,True,False,,,2,80,4,89,捕取也。,麻䕸也。
9389,巽,鐉,聲,new,ordinary_mc_only,True,False,,,7,84,3,41,具也。,所以鉤門戶樞也。一曰治門戶器也。
2569,賓,髕,聲,new,ordinary_mc_only,True,False,,,6,50,7,97,所敬也。,厀耑也。
5805,賓,𩴱,聲,new,ordinary_mc_only,True,False,,,2,53,4,48,所敬也。,鬼皃。
5257,監,襤,聲,new,ordinary_mc_only,True,False,,,6,15,5,8,臨下也。,裯謂之襤褸。襤，無緣也。
9784,弋,䣧,聲,new,ordinary_mc_only,True,False,,,7,32,1,18,橜也。象折木衺銳著形。,酒色也。
8000,兀,扤,聲,new,ordinary_mc_only,True,False,,,7,1,2,30,高而上平也。,動也。
281,賓,薲,聲,new,ordinary_mc_only,True,False,,,1,72,7,59,所敬也。,大蓱也。
1620,自,詯,聲,new,ordinary_mc_only,True,False,,,2,88,4,90,鼻也。象鼻形。,膽气滿聲在人上。
2283,芻,雛,聲,new,ordinary_mc_only,True,False,,,2,32,6,21,刈艸也。象包束艸之形。,雞子也。
1014,勻,赹,聲,new,ordinary_mc_only,True,False,,,1,81,7,92,少也。,獨行也。
9179,召,劭,聲,new,ordinary_mc_only,True,False,,,1,36,1,19,𧦝也。,勉也。
3686,四,柶,聲,new,ordinary_mc_only,True,False,,,2,87,5,102,陰𢿙也。象四分之形。,《禮》有柶。柶，匕也。
5215,自,臮,聲,new,ordinary_mc_only,True,False,,,5,17,7,50,鼻也。象鼻形。,眾詞與也。
9607,亢,阬,聲,new,ordinary_mc_only,True,False,,,1,42,3,25,人頸也。,門也。
2662,柔,腬,聲,new,ordinary_mc_only,True,False,,,1,45,3,92,木曲直也。,嘉善肉也。
9387,氣,鎎,聲,new,ordinary_mc_only,True,False,,,2,92,1,4,饋客芻米也。,怒戰也。
8853,丩,虯,聲,new,ordinary_mc_only,True,False,,,4,25,3,17,相糾繚也。一曰瓜瓠結丩起。象形。,龍子有角者。
5732,兀,髡,聲,new,ordinary_mc_only,True,False,,,5,38,6,69,高而上平也。,𩮜髮也。
7130,亢,沆,聲,new,ordinary_mc_only,True,False,,,3,2,2,18,人頸也。,莽沆，大水也。
6115,鬼,騩,聲,new,ordinary_mc_only,True,False,,,7,46,4,10,人所歸爲鬼。,馬淺黑色。
6838,分,忿,聲,new,ordinary_mc_only,True,False,,,1,93,4,63,別也。,悁也。
9431,句,斪,聲,new,ordinary_mc_only,True,False,,,4,68,6,74,曲也。,斫也。
6362,分,鼢,聲,new,ordinary_mc_only,True,False,,,3,89,6,5,別也。,地行鼠，伯勞所作也。一曰偃鼠。
9085,后,垢,聲,new,ordinary_mc_only,True,False,,,4,8,5,95,遲也。,濁也。
3908,令,囹,聲,new,ordinary_mc_only,True,False,,,4,20,3,9,發號也。,獄也。
7466,龍,豅,聲,new,ordinary_mc_only,True,False,,,6,42,2,77,鱗蟲之長。能幽，能明，能細，能巨，能短，能長；春分而登天，秋分而潛淵。,大長谷也。
9185,象,勨,聲,new,ordinary_mc_only,True,False,,,3,61,1,72,長鼻牙，南越大獸，三秊一乳，象耳牙四足之形。,繇緩也。
5274,龍,襱,聲,new,ordinary_mc_only,True,False,,,6,37,4,56,鱗蟲之長。能幽，能明，能細，能巨，能短，能長；春分而登天，秋分而潛淵。,絝踦也。
8985,高,塙,聲,new,ordinary_mc_only,True,False,,,3,73,4,102,崇也。象臺觀高之形。,堅不可拔也。
5682,否,䫠,聲,new,ordinary_mc_only,True,False,,,6,2,5,16,不也。,短須髮皃。
9516,句,軥,聲,new,ordinary_mc_only,True,False,,,2,9,4,94,曲也。,軶下曲者。
5476,𠧴,𧡹,聲,new,ordinary_mc_only,True,False,,,6,76,4,34,气行皃。,下視深也。
1206,亢,迒,聲,new,ordinary_mc_only,True,False,,,7,39,6,68,人頸也。,獸迹也。
1641,延,誕,聲,new,ordinary_mc_only,True,False,,,4,32,1,49,長行也。,詞誕也。
390,章,蔁,聲,new,ordinary_mc_only,True,False,,,3,101,5,59,樂竟爲一章。,艸也。
9471,召,軺,聲,new,ordinary_mc_only,True,False,,,3,62,3,75,𧦝也。,小車也。
4047,井,𨙷,聲,new,ordinary_mc_only,True,False,,,7,54,1,10,八家一井，象構韓形。•，𦉥之象也。古者伯益初作井。,鄭地𨙷亭。
7019,豊,澧,聲,new,ordinary_mc_only,True,False,,,2,5,2,76,行禮之器也。,水。出南陽雉衡山，東入汝。
8565,會,繪,聲,new,ordinary_mc_only,True,False,,,2,7,2,12,合也。,會五采繡也。《虞書》曰：“山龍華蟲作繪。”《論語》曰：“繪事後素。”
3696,卑,椑,聲,new,ordinary_mc_only,True,False,,,1,65,3,69,賤也。執事也。,圜榼也。
7197,日,涅,聲,new,ordinary_mc_only,True,False,,,2,43,7,37,實也。太陽之精不虧。,黑土在水中也。
5588,合,頜,聲,new,ordinary_mc_only,True,False,,,4,82,4,69,合口也。,𩔞也。
3525,分,枌,聲,new,ordinary_mc_only,True,False,,,3,79,4,81,別也。,榆也。
9310,召,鉊,聲,new,ordinary_mc_only,True,False,,,4,13,2,84,𧦝也。,大𨮯也。
7040,四,泗,聲,new,ordinary_mc_only,True,False,,,2,24,6,14,陰𢿙也。象四分之形。,受泲水，東入淮。
1189,干,迀,聲,new,ordinary_mc_only,True,False,,,4,6,7,53,犯也。,進也。
2583,會,䯤,聲,new,ordinary_mc_only,True,False,,,3,35,3,86,合也。,骨擿之可會髮者。
2331,分,羒,聲,new,ordinary_mc_only,True,False,,,5,8,3,81,別也。,牂羊也。
4957,鬼,傀,聲,new,ordinary_mc_only,True,False,,,2,45,4,101,人所歸爲鬼。,偉也。
4287,生,曐,聲,new,ordinary_mc_only,True,False,,,3,57,4,44,進也。象艸木生出土上。,萬物之精，上爲列星。
2058,卑,㪏,聲,new,ordinary_mc_only,True,False,,,1,17,2,56,賤也。執事也。,毀也。
2347,羊,羌,亦聲,anchor,labelled,True,True,42,X,4,65,5,77,祥也。,西戎牧羊人也。
2794,朿,刺,亦聲,anchor,labelled,True,True,76,E,3,74,7,57,木芒也。象形。,君殺大夫曰刺。刺，直傷也。
4697,羊,痒,聲,anchor,ordinary_mc_oc,True,True,12,N,7,91,5,29,祥也。,瘍也。
1526,召,詔,亦聲,anchor,labelled,True,True,15,E,3,49,6,65,𧦝也。,告也。
2041,壴,鼓,亦聲,anchor,labelled,True,True,62,E,5,4,7,54,陳樂立而上見也。,擊鼓也。
9758,酉,酒,亦聲,anchor,labelled,True,True,88,Y,1,58,6,31,就也。八月黍成，可爲酎酒。象古文酉之形。,就也，所以就人性之善惡。
7000,斬,漸,聲,anchor,ordinary_mc_oc,True,True,7,X,3,59,2,43,𢧵也。,水。出丹陽黟南蠻中，東入海。
7059,齊,濟,聲,anchor,ordinary_mc_oc,True,True,58,X,7,77,5,85,禾麥吐穗上平也。象形。,水。出常山房子贊皇山，東入泜。
717,弋,必,亦聲,anchor,labelled,True,True,68,N,2,42,2,11,橜也。象折木衺銳著形。,分極也。
8086,取,娶,亦聲,anchor,labelled,True,True,39,Y,2,26,1,20,捕取也。,取婦也。
3943,易,賜,聲,anchor,ordinary_mc_oc,True,True,28,N,2,44,7,12,蜥易，蝘蜓，守宮也。象形。《祕書》說：日月爲易，象陰陽也。一曰,予也。
8792,豈,螘,聲,anchor,ordinary_mc_oc,True,True,22,X,4,71,1,29,還師振旅樂也。一曰欲也，登也。,蚍蜉也。
5302,日,衵,亦聲,anchor,labelled,True,True,10,E,2,65,7,17,實也。太陽之精不虧。,日日所常衣。
6161,四,駟,聲,anchor,ordinary_mc_oc,True,True,100,E,5,70,4,83,陰𢿙也。象四分之形。,一乘也。
7679,監,鹽,聲,anchor,ordinary_mc_oc,True,True,61,N,6,45,7,21,臨下也。,鹹也。
4634,臽,窞,亦聲,anchor,labelled,True,True,63,Y,7,74,3,5,小阱也。,坎中小坎也。
9743,丑,羞,亦聲,anchor,labelled,True,True,82,N,4,18,2,5,紐也。十二月，萬物動，用事。象手之形。時加丑，亦舉手時也。,進獻也。
1140,反,返,亦聲,anchor,labelled,True,True,75,E,6,4,1,31,覆也。,還也。
7873,受,授,亦聲,anchor,labelled,True,True,49,Y,6,44,3,39,相付也。,予也。
923,丩,叫,聲,anchor,ordinary_mc_oc,True,True,27,N,1,14,1,94,相糾繚也。一曰瓜瓠結丩起。象形。,嘑也。
5141,系,係,亦聲,anchor,labelled,True,True,85,Y,6,3,2,66,繋也。,絜束也。
9283,奇,錡,聲,anchor,ordinary_mc_oc,True,True,92,N,1,3,3,18,異也。一曰不耦。,鉏䥏也。
8438,耳,弭,聲,anchor,ordinary_mc_oc,True,True,4,N,7,33,3,14,主聽也。象形。,弓無緣，可以解轡紛者。
5023,奇,倚,聲,anchor,ordinary_mc_oc,True,True,77,N,5,29,3,43,異也。一曰不耦。,依也。
7183,骨,滑,聲,anchor,ordinary_mc_oc,True,True,57,N,5,81,4,72,肉之覈也。,利也。
4212,鄉,曏,聲,anchor,ordinary_mc_oc,True,True,53,N,4,5,1,75,None,不久也。
4382,卑,稗,聲,anchor,ordinary_mc_oc,True,True,46,E,3,87,2,50,賤也。執事也。,禾別也。
1477,先,詵,亦聲,anchor,labelled,True,True,32,N,2,35,6,87,前進也。,致言也。
1450,丩,句,聲,anchor,ordinary_mc_oc,True,True,36,E,5,60,4,6,相糾繚也。一曰瓜瓠結丩起。象形。,曲也。
4171,文,旻,聲,anchor,ordinary_mc_oc,True,True,80,N,6,5,5,100,錯畫也。象交文。,秋天也。
3041,丂,可,亦聲,anchor,labelled,True,True,89,N,3,64,4,37,气欲舒出。纸上礙於一也。丂，古文以爲亏字，又以爲巧字。,𦘫也。
2232,元,翫,聲,anchor,ordinary_mc_oc,True,True,52,N,4,30,4,32,始也。,習猒也。
6955,工,江,聲,anchor,ordinary_mc_oc,True,True,97,X,7,95,6,42,巧飾也。象人有規榘也。與巫同意。,水。出蜀湔氐徼外崏山，入海。
3778,夾,梜,聲,anchor,ordinary_mc_oc,True,True,50,E,1,53,5,101,持也。,檢柙也。
1803,召,鞀,聲,anchor,ordinary_mc_oc,True,True,71,N,1,48,6,36,𧦝也。,鞀遼也。
