check_id,sw_id,phonetic,char,relation,why,p1_code,p2_code
1,311,及,芨,聲,两次不一致,N,X
2,4379,毛,秏,聲,随机抽查,X,X
3,7766,令,聆,聲,两次不一致,N,E
4,6635,壯,奘,亦聲,随机抽查,Y,Y
5,8753,鬼,螝,聲,两次不一致,X,N
6,5479,豈,覬,聲,两次不一致,N,E
7,2034,𤔔,𢿳,亦聲,两次不一致,Y,E
8,2225,臭,齅,亦聲,随机抽查,Y,Y
9,6187,敬,驚,聲,随机抽查,E,E
10,2413,厂,鴈,聲,两次不一致,N,X
11,2586,不,肧,聲,随机抽查,N,N
12,5064,壬,任,聲,两次不一致,E,N
13,1633,口,𧥣,亦聲,两次不一致,E,N
14,8381,八,匹,亦聲,两次不一致,E,N
15,2919,監,籃,聲,随机抽查,N,N
16,725,半,胖,亦聲,两次不一致,Y,E
17,2989,塞,簺,亦聲,随机抽查,E,E
18,7901,斬,摲,聲,两次不一致,E,N
19,18,羊,祥,聲,两次不一致,Y,N
20,2351,䀠,瞿,亦聲,两次不一致,E,Y
21,3168,丶,主,亦聲,两次不一致,Y,N
22,7667,不,否,亦聲,两次不一致,E,Y
23,4109,元,邧,聲,随机抽查,X,X
24,8207,賓,嬪,聲,两次不一致,E,N
25,1307,豈,䶣,聲,随机抽查,N,N
26,5192,𠤎,化,亦聲,两次不一致,Y,E
27,3872,句,䅓,聲,两次不一致,N,E
28,5036,夾,俠,聲,两次不一致,E,N
29,6680,中,忠,聲,两次不一致,E,N
30,5602,分,頒,聲,两次不一致,E,N
31,247,合,荅,聲,两次不一致,X,N
32,9334,令,鈴,亦聲,两次不一致,E,N
33,3971,疋,䝪,聲,随机抽查,N,N
34,7406,半,泮,亦聲,随机抽查,E,E
35,823,四,呬,聲,随机抽查,N,N
36,1769,龍,龔,聲,随机抽查,N,N
37,4776,元,冠,亦聲,随机抽查,E,E
38,4890,弦,㡉,聲,两次不一致,N,X
39,1766,棥,樊,亦聲,随机抽查,E,E
40,8983,勻,均,亦聲,两次不一致,E,N
41,4287,生,曐,聲,两次不一致,E,N
42,1178,酉,逎,聲,两次不一致,E,N
43,5687,章,彰,亦聲,两次不一致,E,N
44,9593,夾,陜,聲,随机抽查,E,E
45,1662,少,訬,聲,随机抽查,N,N
46,1285,芻,齺,聲,随机抽查,N,N
47,8982,平,坪,亦聲,两次不一致,Y,E
48,6766,干,忓,聲,两次不一致,N,E
49,5895,羊,庠,聲,两次不一致,E,N
50,9058,章,墇,聲,随机抽查,N,N
51,5502,句,欨,聲,随机抽查,N,N
52,5595,不,𩑢,聲,随机抽查,N,N
53,9179,召,劭,聲,两次不一致,E,N
54,1679,干,訐,聲,随机抽查,E,E
55,3024,甘,𤯌,亦聲,随机抽查,E,E
56,5275,召,袑,聲,随机抽查,N,N
57,7627,高,鰝,聲,两次不一致,N,E
58,7378,及,汲,亦聲,两次不一致,N,E
59,1995,正,整,亦聲,两次不一致,N,E
60,1915,祟,𠭥,亦聲,随机抽查,E,E
61,9542,毄,轚,亦聲,两次不一致,E,Y
62,5117,善,僐,聲,两次不一致,N,E
63,6448,柔,煣,亦聲,两次不一致,E,Y
64,5038,先,侁,聲,两次不一致,N,E
65,5591,令,領,聲,随机抽查,N,N
66,666,冒,萺,聲,随机抽查,X,X
67,9036,成,城,亦聲,两次不一致,E,N
68,9390,少,鈔,聲,随机抽查,N,N
69,6708,共,恭,聲,两次不一致,N,E
70,9310,召,鉊,聲,随机抽查,N,N
71,2324,象,羋,聲,随机抽查,N,N
72,5460,監,覽,亦聲,两次不一致,E,Y
73,9132,奇,畸,聲,两次不一致,N,E
74,8441,召,弨,聲,随机抽查,N,N
75,254,子,芓,聲,两次不一致,X,E
76,9293,斬,鏨,亦聲,两次不一致,N,E
77,664,召,苕,聲,随机抽查,X,X
78,1778,辰,䢅,亦聲,两次不一致,N,E
79,3055,亏,𠮱,亦聲,两次不一致,E,N
80,4711,句,痀,聲,两次不一致,E,Y
81,2230,皕,奭,亦聲,两次不一致,N,E
82,3028,冊,𣆑,亦聲,随机抽查,E,E
83,536,會,薈,聲,两次不一致,N,E
84,2019,合,㪉,亦聲,随机抽查,Y,Y
85,6362,分,鼢,聲,两次不一致,N,X
86,765,臤,㹂,亦聲,随机抽查,E,E
87,752,生,牲,聲,两次不一致,E,N
88,9156,炗,黃,亦聲,两次不一致,E,N
89,8772,臽,蜭,聲,两次不一致,N,X
90,8749,鄉,蠁,聲,随机抽查,X,X
91,3750,斬,槧,聲,两次不一致,N,E
92,7765,壬,聽,聲,随机抽查,N,N
93,5359,丂,考,聲,随机抽查,N,N
94,4726,虐,瘧,亦聲,两次不一致,E,N
95,2583,會,䯤,聲,随机抽查,E,E
96,1688,朿,𧧒,聲,两次不一致,E,N
97,3177,井,阱,亦聲,两次不一致,N,E
98,1455,丩,𦱠,亦聲,两次不一致,Y,E
99,8508,召,紹,聲,随机抽查,N,N
100,8954,元,黿,聲,两次不一致,N,X
101,2108,見,睍,聲,两次不一致,N,E
102,3525,分,枌,聲,两次不一致,N,X
103,8764,貸,蟘,亦聲,随机抽查,X,X
104,8005,平,抨,聲,随机抽查,N,N
105,7625,令,魿,聲,两次不一致,X,N
106,4408,會,𥢶,聲,随机抽查,N,N
107,9653,卑,陴,聲,两次不一致,N,E
108,9724,稚,季,亦聲,两次不一致,E,Y
109,1550,敬,警,亦聲,两次不一致,Y,E
110,3218,鄉,饗,亦聲,两次不一致,Y,E
111,2533,賓,殯,亦聲,两次不一致,Y,E
112,2959,朿,策,聲,随机抽查,E,E
113,8757,兀,虺,聲,随机抽查,X,X
114,5658,昏,䫒,聲,两次不一致,N,E
115,7137,光,洸,亦聲,两次不一致,Y,E
116,4143,丑,𨙺,聲,随机抽查,X,X
117,9740,疋,疏,亦聲,两次不一致,Y,N
118,196,鬼,瑰,聲,随机抽查,X,X
119,3837,分,棼,聲,随机抽查,N,N
120,9405,柔,鍒,亦聲,两次不一致,Y,E
121,5732,兀,髡,聲,两次不一致,N,E
122,538,毛,芼,聲,两次不一致,E,N
123,6484,亢,炕,聲,随机抽查,N,N
124,4216,斬,暫,聲,两次不一致,N,E
125,8285,毀,𡢕,聲,两次不一致,N,E
126,2283,芻,雛,聲,随机抽查,N,N
