sw_id,source,code1,code2,conf1,conf2,phonetic,char,relation,cat4,paronomastic_gloss,layer,mc_relation,label,near,ident
7445,original_100,N,N,3,3,亡,巟,聲,other,False,,other,0,0,0
5754,original_100,N,N,3,3,厂,厄,聲,other,False,,other,0,0,0
4876,original_100,N,N,3,3,食,飾,聲,alt_other,False,,tone_voicing_alt,0,0,0
8438,original_100,N,N,3,3,耳,弭,聲,other,False,,other,0,0,0
974,original_100,N,N,2,2,吅,單,亦聲,other,False,both,other,1,0,0
7000,original_100,X,X,3,3,斬,漸,聲,other,False,,other,0,0,0
1437,original_100,N,N,3,3,干,舌,亦聲,other,False,both,other,1,0,0
7702,original_100,N,N,3,3,臽,閻,聲,other,False,,other,0,0,0
5302,original_100,E,E,1,1,日,衵,亦聲,identical,True,both,identical,1,1,1
1886,original_100,N,N,2,2,共,鬨,聲,other,False,,other,0,0,0
4697,original_100,N,N,3,3,羊,痒,聲,other,False,,other,0,0,0
4033,original_100,X,X,3,3,召,邵,聲,other,False,,other,0,0,0
5059,original_100,N,N,2,2,弋,代,聲,other,False,,other,0,0,0
1526,original_100,E,E,2,2,召,詔,亦聲,other,False,unknown,other,1,0,0
3125,original_100,N,N,1,1,成,盛,聲,identical,False,,identical,0,1,1
6671,original_100,E,E,3,3,自,息,亦聲,other,False,both,other,1,0,0
3204,original_100,N,N,2,2,羊,養,聲,alt_other,False,,tone_voicing_alt,0,0,0
5,original_100,E,E,2,2,史,吏,亦聲,other,False,both,other,1,0,0
8078,original_100,X,X,3,3,先,姺,聲,other,False,,other,0,0,0
8792,original_100,X,X,2,2,豈,螘,聲,other,False,,other,0,0,0
8491,original_100,N,N,1,1,壬,紝,聲,identical,False,,identical,0,1,1
7293,original_100,N,N,1,1,合,洽,聲,other,False,,other,0,0,0
5157,original_100,E,E,1,1,象,像,亦聲,identical,True,daxu_only,identical,1,1,1
3802,original_100,E,E,3,3,手,杽,亦聲,other,False,both,other,1,0,0
923,original_100,N,N,2,2,丩,叫,聲,other,False,,other,0,0,0
3943,original_100,N,N,3,3,易,賜,聲,other,False,,other,0,0,0
7698,original_100,N,N,1,1,合,閤,聲,other,False,,other,0,0,0
6308,original_100,N,N,2,2,丑,狃,聲,other,False,,other,0,0,0
3078,original_100,E,E,2,2,豈,愷,亦聲,other,False,both,other,1,0,0
1477,original_100,N,N,2,2,先,詵,亦聲,other,False,both,other,1,0,0
6920,original_100,N,N,2,2,耳,恥,聲,other,False,,other,0,0,0
2028,original_100,N,N,3,3,米,敉,聲,other,False,,other,0,0,0
7802,original_100,E,E,1,1,共,拱,聲,alt_departing,False,,tone_voicing_alt,0,1,0
1450,original_100,E,E,2,2,丩,句,聲,other,False,,other,0,0,0
8109,original_100,E,E,3,3,弟,娣,亦聲,alt_departing,True,daxu_only,tone_voicing_alt,1,1,0
8086,original_100,Y,Y,2,2,取,娶,亦聲,alt_departing,True,daxu_only,tone_voicing_alt,1,1,0
6788,original_100,N,N,2,2,弋,忒,聲,other,False,,other,0,0,0
2347,original_100,X,X,2,2,羊,羌,亦聲,other,True,both,other,1,0,0
3015,original_100,N,N,2,2,弋,式,聲,other,False,,other,0,0,0
5241,original_100,N,N,2,2,壬,衽,聲,alt_departing,False,,tone_voicing_alt,0,1,0
7397,original_100,N,N,3,3,干,汗,聲,other,False,,other,0,0,0
4382,original_100,E,E,1,1,卑,稗,聲,other,False,,other,0,0,0
4209,original_100,N,N,3,3,干,旱,聲,other,False,,other,0,0,0
9625,original_100,X,X,2,2,龍,隴,聲,alt_other,False,,tone_voicing_alt,0,0,0
7873,original_100,Y,Y,3,3,受,授,亦聲,alt_departing,False,daxu_only,tone_voicing_alt,1,1,0
3778,original_100,E,E,2,2,夾,梜,聲,other,False,,other,0,0,0
2232,original_100,N,N,3,3,元,翫,聲,other,False,,other,0,0,0
4212,original_100,N,N,1,1,鄉,曏,聲,alt_other,False,,tone_voicing_alt,0,0,0
3365,original_100,X,X,3,3,舛,舜,亦聲,other,False,both,other,1,0,0
9595,original_100,E,E,3,3,臽,陷,亦聲,identical,False,daxu_only,identical,1,1,1
6270,original_100,N,N,2,2,句,狗,聲,alt_other,False,,tone_voicing_alt,0,0,0
7183,original_100,N,N,3,3,骨,滑,聲,other,False,,other,0,0,0
7059,original_100,X,X,3,3,齊,濟,聲,alt_other,False,,tone_voicing_alt,0,0,0
5601,original_100,N,N,2,2,石,碩,聲,identical,False,,identical,0,1,1
7679,original_100,N,N,3,3,監,鹽,聲,other,False,,other,0,0,0
2041,original_100,E,E,2,2,壴,鼓,亦聲,other,False,both,other,1,0,0
4634,original_100,Y,Y,3,3,臽,窞,亦聲,other,False,both,other,1,0,0
5817,original_100,N,N,3,3,鬼,嵬,聲,other,False,,other,0,0,0
1453,original_100,Y,Y,3,3,句,鉤,亦聲,identical,False,both,identical,1,1,1
2075,original_100,E,E,2,2,父,甫,亦聲,alt_other,False,both,tone_voicing_alt,1,0,0
717,original_100,N,N,2,2,弋,必,亦聲,other,False,daxu_only,other,1,0,0
6810,original_100,E,E,3,3,亡,忘,亦聲,identical,False,daxu_only,identical,1,1,1
9720,original_100,E,E,3,3,子,字,亦聲,alt_departing,False,both,tone_voicing_alt,1,1,0
1803,original_100,N,N,3,3,召,鞀,聲,other,False,,other,0,0,0
8298,original_100,Y,Y,2,2,干,奸,亦聲,identical,False,both,identical,1,1,1
2249,original_100,N,N,1,1,合,翕,聲,other,False,,other,0,0,0
1140,original_100,E,E,2,2,反,返,亦聲,identical,False,both,identical,1,1,1
2794,original_100,E,E,3,3,朿,刺,亦聲,identical,False,both,identical,1,1,1
5023,original_100,N,N,3,3,奇,倚,聲,other,False,,other,0,0,0
4944,original_100,Y,Y,3,3,中,仲,亦聲,alt_departing,True,both,tone_voicing_alt,1,1,0
6902,original_100,N,N,1,1,吅,患,亦聲,other,False,both,other,1,0,0
4171,original_100,N,N,3,3,文,旻,聲,other,False,,other,0,0,0
9743,original_100,N,N,1,1,丑,羞,亦聲,other,False,both,other,1,0,0
2259,original_100,N,N,3,3,羊,翔,聲,other,False,,other,0,0,0
8582,original_100,N,N,3,3,工,紅,聲,other,False,,other,0,0,0
5141,original_100,Y,Y,3,3,系,係,亦聲,other,False,daxu_only,other,1,0,0
8087,original_100,E,E,3,3,昏,婚,亦聲,identical,True,daxu_only,identical,1,1,1
8070,original_100,E,E,3,3,生,姓,亦聲,other,True,both,other,1,0,0
9758,original_100,Y,Y,3,3,酉,酒,亦聲,other,False,both,other,1,0,0
3041,original_100,N,N,1,1,丂,可,亦聲,other,False,both,other,1,0,0
6239,original_100,X,X,2,2,米,麋,聲,other,False,,other,0,0,0
5694,original_100,N,N,3,3,厂,彥,聲,other,False,,other,0,0,0
9283,original_100,N,N,2,2,奇,錡,聲,other,False,,other,0,0,0
279,original_100,X,X,2,2,平,苹,聲,identical,False,,identical,0,1,1
6426,original_100,N,N,2,2,喜,熹,聲,alt_other,False,,tone_voicing_alt,0,0,0
6024,original_100,N,N,3,3,見,硯,聲,other,False,,other,0,0,0
6955,original_100,X,X,3,3,工,江,聲,other,False,,other,0,0,0
2501,original_100,N,N,1,1,予,舒,亦聲,other,False,daxu_only,other,1,0,0
2809,original_100,E,E,1,1,井,耕,聲,other,False,,other,0,0,0
6161,original_100,E,E,3,3,四,駟,聲,identical,False,,identical,0,1,1
12,extended,E,E,3,3,豊,禮,亦聲,identical,False,both,identical,1,1,1
39,extended,E,E,1,2,石,祏,亦聲,identical,True,both,identical,1,1,1
54,extended,E,E,3,3,會,禬,亦聲,other,True,daxu_only,other,1,0,0
111,extended,E,E,3,3,虎,琥,亦聲,identical,True,daxu_only,identical,1,1,1
112,extended,E,E,3,3,龍,瓏,亦聲,other,True,daxu_only,other,1,0,0
120,extended,E,E,3,3,冒,瑁,亦聲,identical,True,unknown,identical,1,1,1
125,extended,E,E,3,3,耳,珥,亦聲,alt_departing,False,both,tone_voicing_alt,1,1,0
203,extended,E,E,3,3,含,琀,亦聲,alt_departing,False,both,tone_voicing_alt,1,1,0
232,extended,E,E,2,2,㫃,𣃘,亦聲,other,False,both,other,1,0,0
237,extended,E,E,2,2,分,㞣,亦聲,other,True,both,other,1,0,0
568,extended,E,E,3,3,耒,䒹,亦聲,identical,False,both,identical,1,1,1
702,extended,E,E,2,2,茻,莽,亦聲,identical,False,both,identical,1,1,1
715,extended,Y,Y,3,3,八,𠔁,亦聲,,False,both,,1,0,0
725,extended,Y,E,3,3,半,胖,亦聲,other,True,both,other,1,0,0
735,extended,E,E,3,2,四,牭,亦聲,identical,True,both,identical,1,1,1
757,extended,E,E,3,3,芻,犓,亦聲,identical,True,both,identical,1,1,1
765,extended,E,E,2,2,臤,㹂,亦聲,other,False,both,other,1,0,0
977,extended,Y,Y,3,2,亾,喪,亦聲,,True,daxu_only,,1,0,0
1130,extended,N,N,1,1,㖾,遌,亦聲,,False,both,,1,0,0
1142,extended,N,N,2,1,巽,選,亦聲,other,False,both,other,1,0,0
1226,extended,N,N,2,2,柔,𢔟,亦聲,other,False,both,other,1,0,0
1313,extended,E,E,3,3,臼,齨,亦聲,identical,True,daxu_only,identical,1,1,1
1318,extended,E,E,2,3,骨,䶤,亦聲,,True,daxu_only,,1,0,0
1323,extended,N,N,1,1,奇,𤘌,亦聲,other,False,both,other,1,0,0
1418,extended,N,N,2,2,疋,𤴙,亦聲,,False,daxu_only,,1,0,0
1419,extended,N,N,2,1,疋,𤕟,亦聲,identical,False,both,identical,1,1,1
1451,extended,E,E,2,1,句,拘,亦聲,other,False,both,other,1,0,0
1452,extended,E,E,3,3,句,笱,亦聲,alt_other,False,both,tone_voicing_alt,1,0,0
1455,extended,Y,E,3,3,丩,𦱠,亦聲,other,True,both,other,1,0,0
1550,extended,Y,E,2,2,敬,警,亦聲,alt_departing,False,both,tone_voicing_alt,1,1,0
1553,extended,Y,Y,3,2,宜,𧧼,亦聲,,True,both,,1,0,0
1633,extended,E,N,1,1,口,𧥣,亦聲,identical,False,both,identical,1,1,1
1745,extended,N,N,1,2,廾,菐,亦聲,other,False,both,other,1,0,0
1746,extended,E,E,2,1,菐,僕,亦聲,other,False,both,other,1,0,0
1747,extended,E,E,1,2,八,𠔯,亦聲,other,False,both,other,1,0,0
1766,extended,E,E,2,2,棥,樊,亦聲,identical,False,both,identical,1,1,1
1778,extended,N,E,2,1,辰,䢅,亦聲,identical,False,both,identical,1,1,1
1782,extended,N,N,3,3,分,釁,亦聲,other,False,both,other,1,0,0
1789,extended,Y,Y,3,2,柔,鞣,亦聲,identical,False,daxu_only,identical,1,1,1
1798,extended,N,N,2,2,夾,䩡,亦聲,identical,False,both,identical,1,1,1
1915,extended,E,E,2,1,祟,𠭥,亦聲,other,False,daxu_only,other,1,0,0
1995,extended,N,E,2,2,正,整,亦聲,alt_departing,False,both,tone_voicing_alt,1,1,0
1998,extended,Y,Y,3,3,正,政,亦聲,identical,True,daxu_only,identical,1,1,1
2019,extended,Y,Y,3,3,合,㪉,亦聲,,True,daxu_only,,1,0,0
2029,extended,N,N,3,2,易,敡,亦聲,other,False,both,other,1,0,0
2032,extended,E,E,1,2,羣,𣀆,亦聲,,False,daxu_only,,1,0,0
2034,extended,Y,E,3,2,𤔔,𢿳,亦聲,,False,daxu_only,,1,0,0
2125,extended,E,E,1,2,㢟,𢌨,亦聲,other,False,both,other,1,0,0
2169,extended,E,E,3,3,冥,瞑,亦聲,other,False,both,other,1,0,0
2185,extended,E,E,2,2,少,眇,亦聲,other,False,both,other,1,0,0
2225,extended,Y,Y,3,3,臭,齅,亦聲,other,True,both,other,1,0,0
2230,extended,N,E,1,1,皕,奭,亦聲,other,False,both,other,1,0,0
2281,extended,E,E,1,2,句,雊,亦聲,alt_departing,False,both,tone_voicing_alt,1,1,0
2287,extended,X,X,3,2,人,𨿳,亦聲,,False,both,,1,0,0
2321,extended,E,E,1,2,𥄕,𤊾,亦聲,other,False,both,other,1,0,0
2351,extended,E,Y,2,2,䀠,瞿,亦聲,identical,False,both,identical,1,1,1
2492,extended,Y,Y,2,2,𢆶,幽,亦聲,identical,False,both,identical,1,1,1
2494,extended,N,N,2,3,屮,叀,亦聲,other,False,both,other,1,0,0
2518,extended,E,E,2,2,井,𠭘,亦聲,,False,both,,1,0,0
2533,extended,Y,E,2,3,賓,殯,亦聲,alt_departing,True,both,tone_voicing_alt,1,1,0
2694,extended,E,E,1,2,星,腥,亦聲,alt_departing,True,both,tone_voicing_alt,1,1,0
2765,extended,N,N,2,2,录,剝,亦聲,,False,daxu_only,,1,0,0
2768,extended,E,E,2,2,畫,劃,亦聲,alt_other,False,both,tone_voicing_alt,1,0,0
2771,extended,Y,Y,3,2,齊,劑,亦聲,alt_departing,True,daxu_only,tone_voicing_alt,1,1,0
2984,extended,E,E,2,3,竹,筑,亦聲,identical,True,both,identical,1,1,1
2989,extended,E,E,3,3,塞,簺,亦聲,identical,True,both,identical,1,1,1
3006,extended,N,N,1,1,丌,䢋,亦聲,,False,both,,1,0,0
3024,extended,E,E,1,2,甘,𤯌,亦聲,,False,both,,1,0,0
3028,extended,E,E,2,2,冊,𣆑,亦聲,,False,daxu_only,,1,0,0
3055,extended,E,N,1,1,亏,𠮱,亦聲,,False,both,,1,0,0
3060,extended,Y,Y,3,3,喜,憙,亦聲,alt_departing,False,both,tone_voicing_alt,1,1,0
3092,extended,Y,Y,3,3,㿾,𧈚,亦聲,,False,both,,1,0,0
3168,extended,Y,N,2,1,丶,主,亦聲,other,False,both,other,1,0,0
3169,extended,E,E,2,2,否,咅,亦聲,other,False,both,other,1,0,0
3177,extended,N,E,3,3,井,阱,亦聲,alt_other,False,both,tone_voicing_alt,1,0,0
3178,extended,N,N,2,2,井,㓝,亦聲,other,False,daxu_only,other,1,0,0
3218,extended,Y,E,2,2,鄉,饗,亦聲,alt_other,True,both,tone_voicing_alt,1,0,0
3246,extended,E,E,2,2,鬼,餽,亦聲,other,False,both,other,1,0,0
3261,extended,E,E,2,2,辰,䢈,亦聲,other,False,both,other,1,0,0
3652,extended,E,E,2,2,冊,柵,亦聲,identical,False,daxu_only,identical,1,1,1
3786,extended,Y,Y,2,2,平,枰,亦聲,identical,True,daxu_only,identical,1,1,1
3850,extended,E,E,3,2,䊮,糶,亦聲,other,False,unknown,other,1,0,0
3967,extended,E,E,2,3,分,貧,亦聲,other,True,daxu_only,other,1,0,0
3998,extended,X,X,3,3,善,鄯,亦聲,alt_departing,True,both,tone_voicing_alt,1,1,0
4189,extended,E,E,2,2,見,晛,亦聲,other,True,both,other,1,0,0
4280,extended,E,E,2,2,毛,旄,亦聲,identical,False,daxu_only,identical,1,1,1
4325,extended,E,E,2,2,𢎘,圅,亦聲,alt_other,True,both,tone_voicing_alt,1,0,0
4329,extended,E,E,2,2,𢎘,𣐺,亦聲,,False,both,,1,0,0
4640,extended,E,E,2,2,正,竀,亦聲,other,True,both,other,1,0,0
4726,extended,E,N,2,2,虐,瘧,亦聲,identical,False,both,identical,1,1,1
4776,extended,E,E,2,2,元,冠,亦聲,other,False,both,other,1,0,0
4777,extended,E,E,1,2,取,冣,亦聲,,False,both,,1,0,0
4789,extended,E,E,2,2,㒳,兩,亦聲,identical,False,both,identical,1,1,1
4794,extended,E,E,1,1,繯,𦌾,亦聲,other,False,both,other,1,0,0
4804,extended,E,E,3,3,畱,羀,亦聲,,True,daxu_only,,1,0,0
4919,extended,Y,Y,3,3,㡀,敝,亦聲,identical,False,both,identical,1,1,1
5030,extended,Y,Y,3,3,頃,傾,亦聲,identical,False,both,identical,1,1,1
5164,extended,E,E,2,2,䙴,僊,亦聲,,False,daxu_only,,1,0,0
5192,extended,Y,E,2,2,𠤎,化,亦聲,identical,False,both,identical,1,1,1
5203,extended,Y,Y,3,3,从,從,亦聲,alt_departing,False,both,tone_voicing_alt,1,1,0
5317,extended,Y,Y,3,3,黹,𧝉,亦聲,,False,both,,1,0,0
5460,extended,E,Y,2,2,監,覽,亦聲,other,False,both,other,1,0,0
5522,extended,E,E,2,1,高,歊,亦聲,other,False,both,other,1,0,0
5535,extended,N,N,1,1,𠧴,𣣸,亦聲,alt_other,False,both,tone_voicing_alt,1,0,0
5557,extended,Y,Y,3,3,曰,欥,亦聲,other,False,both,other,1,0,0
5622,extended,Y,Y,2,2,𠬸,𩑦,亦聲,,False,both,,1,0,0
5668,extended,E,E,2,2,見,靦,亦聲,other,True,both,other,1,0,0
5680,extended,E,E,3,2,冄,䫇,亦聲,,False,both,,1,0,0
5687,extended,E,N,2,1,章,彰,亦聲,identical,False,daxu_only,identical,1,1,1
5742,extended,N,N,2,2,后,㖃,亦聲,alt_other,False,both,tone_voicing_alt,1,0,0
5782,extended,E,E,2,2,合,匌,亦聲,other,False,daxu_only,other,1,0,0
5886,extended,Y,Y,2,2,厂,屵,亦聲,other,False,both,other,1,0,0
6148,extended,X,X,2,3,文,馼,亦聲,identical,True,both,identical,1,1,1
6283,extended,E,E,2,2,音,𤟟,亦聲,other,False,both,other,1,0,0
6303,extended,E,E,2,2,壯,𤞛,亦聲,other,False,daxu_only,other,1,0,0
6448,extended,E,Y,2,3,柔,煣,亦聲,alt_other,False,both,tone_voicing_alt,1,0,0
6449,extended,N,N,3,2,棥,燓,亦聲,,False,both,,1,0,0
6546,extended,N,N,2,2,囪,悤,亦聲,other,False,both,other,1,0,0
6596,extended,E,E,2,2,骨,尳,亦聲,other,False,both,other,1,0,0
6613,extended,E,E,2,3,㚔,執,亦聲,other,False,both,other,1,0,0
6621,extended,E,E,3,2,亢,𠅣,亦聲,,False,both,,1,0,0
6629,extended,E,E,2,2,䀠,𥉁,亦聲,identical,False,daxu_only,identical,1,1,1
6630,extended,E,E,2,2,夰,奡,亦聲,other,False,both,other,1,0,0
6631,extended,E,E,1,1,夰,昦,亦聲,other,False,both,other,1,0,0
6635,extended,Y,Y,3,3,壯,奘,亦聲,other,False,daxu_only,other,1,0,0
6709,extended,Y,Y,3,3,敬,憼,亦聲,alt_departing,True,both,tone_voicing_alt,1,1,0
6719,extended,E,E,2,2,廣,懬,亦聲,other,True,both,other,1,0,0
6780,extended,E,E,2,2,弦,𢛆,亦聲,identical,False,daxu_only,identical,1,1,1
6796,extended,E,E,2,2,疑,懝,亦聲,other,False,both,other,1,0,0
6861,extended,N,N,2,2,氣,愾,亦聲,identical,False,both,identical,1,1,1
6903,extended,N,N,3,3,匡,恇,亦聲,identical,False,both,identical,1,1,1
7109,extended,Y,Y,2,2,内,汭,亦聲,,False,daxu_only,,1,0,0
7131,extended,E,E,2,2,穴,泬,亦聲,alt_other,False,daxu_only,tone_voicing_alt,1,0,0
7137,extended,Y,E,2,3,光,洸,亦聲,identical,True,both,identical,1,1,1
7212,extended,Y,Y,3,3,𠂢,派,亦聲,identical,False,both,identical,1,1,1
7378,extended,N,E,2,1,及,汲,亦聲,alt_other,False,daxu_only,tone_voicing_alt,1,0,0
7393,extended,N,N,3,3,愁,㵞,亦聲,identical,False,daxu_only,identical,1,1,1
7406,extended,E,E,2,2,半,泮,亦聲,other,False,both,other,1,0,0
7409,extended,Y,Y,3,3,苹,萍,亦聲,other,True,both,other,1,0,0
7667,extended,E,Y,2,2,不,否,亦聲,identical,True,both,identical,1,1,1
7738,extended,E,E,3,3,昏,閽,亦聲,identical,True,daxu_only,identical,1,1,1
7862,extended,Y,Y,2,2,延,挻,亦聲,other,False,daxu_only,other,1,0,0
8024,extended,E,E,2,2,毀,㩓,亦聲,identical,False,daxu_only,identical,1,1,1
8042,extended,E,E,2,3,共,拲,亦聲,alt_departing,False,daxu_only,tone_voicing_alt,1,1,0
8088,extended,E,E,2,3,因,姻,亦聲,identical,True,daxu_only,identical,1,1,1
8093,extended,E,E,2,2,壬,妊,亦聲,alt_departing,False,both,tone_voicing_alt,1,1,0
8120,extended,Y,Y,2,2,卑,婢,亦聲,alt_other,True,both,tone_voicing_alt,1,0,0
8145,extended,E,E,2,2,美,媄,亦聲,identical,False,daxu_only,identical,1,1,1
8381,extended,E,N,1,2,八,匹,亦聲,other,False,both,other,1,0,0
8567,extended,E,E,3,3,米,䋛,亦聲,identical,True,unknown,identical,1,1,1
8710,extended,E,E,2,1,兩,緉,亦聲,alt_departing,True,unknown,tone_voicing_alt,1,1,0
8763,extended,X,X,3,2,冥,螟,亦聲,identical,True,unknown,identical,1,1,1
8764,extended,X,X,2,2,貸,蟘,亦聲,,True,unknown,,1,0,0
8850,extended,E,E,1,1,食,𧐂,亦聲,,False,unknown,,1,0,0
8939,extended,N,N,2,2,忽,䬍,亦聲,identical,False,unknown,identical,1,1,1
8956,extended,X,X,3,2,圥,鼀,亦聲,,True,unknown,,1,0,0
8982,extended,Y,E,3,2,平,坪,亦聲,alt_departing,True,daxu_only,tone_voicing_alt,1,1,0
8983,extended,E,N,1,1,勻,均,亦聲,other,False,daxu_only,other,1,0,0
9031,extended,E,E,3,3,黑,墨,亦聲,other,False,daxu_only,other,1,0,0
9036,extended,E,N,2,2,成,城,亦聲,identical,False,both,identical,1,1,1
9156,extended,E,N,2,2,炗,黃,亦聲,,False,daxu_only,,1,0,0
9167,extended,E,E,2,2,工,功,亦聲,identical,False,daxu_only,identical,1,1,1
9183,extended,E,E,1,2,徹,勶,亦聲,,False,both,,1,0,0
9280,extended,E,E,3,2,口,釦,亦聲,identical,True,both,identical,1,1,1
9293,extended,N,E,2,2,斬,鏨,亦聲,other,False,both,other,1,0,0
9334,extended,E,N,2,1,令,鈴,亦聲,other,True,daxu_only,other,1,0,0
9405,extended,Y,E,3,2,柔,鍒,亦聲,identical,False,daxu_only,identical,1,1,1
9453,extended,Y,Y,2,2,半,㪵,亦聲,identical,True,both,identical,1,1,1
9485,extended,E,E,2,2,反,䡊,亦聲,identical,True,daxu_only,identical,1,1,1
9542,extended,E,Y,3,3,毄,轚,亦聲,,False,both,,1,0,0
9576,extended,E,E,2,2,坴,陸,亦聲,identical,False,daxu_only,identical,1,1,1
9605,extended,Y,Y,2,2,頃,𨻺,亦聲,,False,daxu_only,,1,0,0
9615,extended,E,E,1,1,兀,阢,亦聲,,False,daxu_only,,1,0,0
9649,extended,E,E,3,2,𡭴,隙,亦聲,identical,False,daxu_only,identical,1,1,1
9724,extended,E,Y,2,2,稚,季,亦聲,other,False,both,other,1,0,0
9740,extended,Y,N,2,1,疋,疏,亦聲,identical,False,both,identical,1,1,1
9794,extended,E,E,2,2,甘,酣,亦聲,other,False,daxu_only,other,1,0,0
5920,extended,N,N,2,2,龍,龐,聲,other,False,,other,0,0,0
5013,extended,E,E,3,2,齊,儕,聲,other,False,,other,0,0,0
8094,extended,E,E,2,2,辰,娠,聲,other,False,,other,0,0,0
9315,extended,N,N,2,3,甘,鉗,聲,other,False,,other,0,0,0
2919,extended,N,N,3,2,監,籃,聲,other,False,,other,0,0,0
8654,extended,E,E,1,2,句,絇,聲,other,False,,other,0,0,0
3717,extended,E,E,3,3,弟,梯,聲,other,False,,other,0,0,0
8242,extended,N,N,1,1,亡,妄,聲,alt_departing,False,,tone_voicing_alt,0,1,0
6673,extended,E,E,3,2,生,性,聲,other,False,,other,0,0,0
9139,extended,E,E,2,2,半,畔,聲,alt_other,False,,tone_voicing_alt,0,0,0
8317,extended,N,N,2,1,亡,氓,聲,other,False,,other,0,0,0
5359,extended,N,N,2,2,丂,考,聲,identical,False,,identical,0,1,1
247,extended,X,N,2,3,合,荅,聲,other,False,,other,0,0,0
788,extended,N,N,3,3,因,咽,聲,other,False,,other,0,0,0
7458,extended,N,N,3,3,羊,羕,聲,alt_departing,False,,tone_voicing_alt,0,1,0
3324,extended,N,N,3,3,亡,良,聲,other,False,,other,0,0,0
5925,extended,E,E,3,2,卑,庳,聲,alt_other,False,,tone_voicing_alt,0,0,0
7765,extended,N,N,3,3,壬,聽,聲,other,False,,other,0,0,0
5591,extended,N,N,3,3,令,領,聲,alt_other,False,,tone_voicing_alt,0,0,0
282,extended,X,X,3,3,監,藍,聲,other,False,,other,0,0,0
670,extended,X,X,2,2,高,蒿,聲,other,False,,other,0,0,0
6203,extended,E,E,2,1,芻,騶,聲,other,False,,other,0,0,0
1260,extended,N,N,3,3,壬,廷,聲,other,False,,other,0,0,0
2372,extended,X,X,3,2,合,鴿,聲,other,False,,other,0,0,0
8007,extended,E,E,1,1,及,扱,聲,other,False,,other,0,0,0
6923,extended,N,N,2,3,斬,慙,聲,other,False,,other,0,0,0
4216,extended,N,E,3,1,斬,暫,聲,other,False,,other,0,0,0
982,extended,N,N,3,3,召,超,聲,other,False,,other,0,0,0
4576,extended,N,N,3,2,龍,寵,聲,other,False,,other,0,0,0
3930,extended,E,E,1,1,工,貢,聲,alt_departing,False,,tone_voicing_alt,0,1,0
931,extended,N,N,2,3,文,吝,聲,other,False,,other,0,0,0
9466,extended,N,N,3,2,干,軒,聲,other,False,,other,0,0,0
786,extended,N,N,2,2,會,噲,聲,other,False,,other,0,0,0
3070,extended,N,N,2,2,卑,鼙,聲,other,False,,other,0,0,0
18,extended,Y,N,3,2,羊,祥,聲,other,False,,other,0,0,0
6680,extended,E,N,1,1,中,忠,聲,identical,False,,identical,0,1,1
3408,extended,X,X,2,3,子,李,聲,other,False,,other,0,0,0
5619,extended,N,N,3,2,含,頷,聲,alt_other,False,,tone_voicing_alt,0,0,0
6708,extended,N,E,1,1,共,恭,聲,alt_departing,False,,tone_voicing_alt,0,1,0
7052,extended,X,X,3,3,文,汶,聲,alt_departing,False,,tone_voicing_alt,0,1,0
1439,extended,N,N,3,3,易,舓,聲,other,False,,other,0,0,0
2598,extended,N,N,3,3,干,肝,聲,identical,False,,identical,0,1,1
8523,extended,N,N,2,2,及,級,聲,alt_other,False,,tone_voicing_alt,0,0,0
2293,extended,X,X,3,2,厂,雁,聲,other,False,,other,0,0,0
3192,extended,N,N,2,2,壬,飪,聲,alt_other,False,,tone_voicing_alt,0,0,0
8512,extended,N,N,2,1,予,紓,聲,other,False,,other,0,0,0
7377,extended,N,N,3,3,先,洗,聲,alt_other,False,,tone_voicing_alt,0,0,0
5253,extended,E,E,2,2,會,襘,聲,other,False,,other,0,0,0
6911,extended,N,N,3,3,易,惕,聲,other,False,,other,0,0,0
8890,extended,N,N,3,3,工,虹,聲,other,False,,other,0,0,0
2040,extended,E,E,2,1,丩,收,聲,other,False,,other,0,0,0
2413,extended,N,X,2,2,厂,鴈,聲,other,False,,other,0,0,0
538,extended,E,N,2,1,毛,芼,聲,identical,False,,identical,0,1,1
4888,extended,N,N,3,3,父,布,聲,other,False,,other,0,0,0
9365,extended,N,N,3,2,豈,鎧,聲,other,False,,other,0,0,0
6187,extended,E,E,2,1,敬,驚,聲,alt_departing,False,,tone_voicing_alt,0,1,0
7773,extended,N,N,3,2,龍,聾,聲,other,False,,other,0,0,0
3153,extended,N,N,3,3,亡,衁,聲,other,False,,other,0,0,0
7411,extended,N,N,3,3,曰,汩,聲,other,False,,other,0,0,0
149,extended,N,N,3,3,元,玩,聲,other,False,,other,0,0,0
3958,extended,N,N,2,3,朿,責,聲,other,False,,other,0,0,0
2577,extended,N,N,3,3,豊,體,聲,other,False,,other,0,0,0
4182,extended,N,N,2,2,廣,曠,聲,other,False,,other,0,0,0
6898,extended,N,N,1,2,中,忡,聲,other,False,,other,0,0,0
6684,extended,Y,Y,3,3,豈,愷,聲,other,False,,other,0,0,0
2565,extended,N,N,3,2,卑,髀,聲,alt_other,False,,tone_voicing_alt,0,0,0
7220,extended,N,N,3,3,召,沼,聲,other,False,,other,0,0,0
979,extended,N,N,3,3,芻,趨,聲,other,False,,other,0,0,0
7309,extended,N,N,3,2,音,湆,聲,other,False,,other,0,0,0
5561,extended,N,N,3,2,音,歆,聲,other,False,,other,0,0,0
3807,extended,N,N,3,2,監,檻,聲,other,False,,other,0,0,0
1743,extended,E,E,1,2,取,叢,聲,other,False,,other,0,0,0
2899,extended,N,N,2,1,延,筵,聲,identical,False,,identical,0,1,1
9124,extended,N,N,3,3,予,野,聲,other,False,,other,0,0,0
2959,extended,E,E,2,1,朿,策,聲,other,False,,other,0,0,0
5064,extended,E,N,2,1,壬,任,聲,identical,False,,identical,0,1,1
1861,extended,E,E,3,3,米,鬻,聲,other,False,,other,0,0,0
2195,extended,N,N,3,2,弟,睇,聲,identical,False,,identical,0,1,1
3049,extended,N,N,3,3,象,乎,聲,other,False,,other,0,0,0
3886,extended,N,N,3,3,石,橐,聲,other,False,,other,0,0,0
9070,extended,N,N,1,1,豈,塏,聲,other,False,,other,0,0,0
7399,extended,N,N,3,3,弟,涕,聲,other,False,,other,0,0,0
8856,extended,X,X,2,2,辰,蜃,聲,alt_other,False,,tone_voicing_alt,0,0,0
2044,extended,N,N,2,2,工,攻,聲,identical,False,,identical,0,1,1
1762,extended,N,N,2,3,龍,龏,聲,other,False,,other,0,0,0
4205,extended,N,N,3,3,音,暗,聲,other,False,,other,0,0,0
4449,extended,N,N,3,3,日,䵒,聲,other,False,,other,0,0,0
4630,extended,N,N,3,3,工,空,聲,other,False,,other,0,0,0
8071,extended,X,X,3,3,羊,姜,聲,other,False,,other,0,0,0
5602,extended,E,N,1,3,分,頒,聲,other,False,,other,0,0,0
1903,extended,N,N,2,2,冒,曼,聲,other,False,,other,0,0,0
8609,extended,N,N,2,2,丑,紐,聲,other,False,,other,0,0,0
1769,extended,N,N,3,3,龍,龔,聲,other,False,,other,0,0,0
4589,extended,N,N,3,2,奇,寄,聲,alt_departing,False,,tone_voicing_alt,0,1,0
2597,extended,N,N,3,3,卑,脾,聲,alt_other,False,,tone_voicing_alt,0,0,0
2603,extended,N,N,2,3,高,膏,聲,identical,False,,identical,0,1,1
7500,extended,N,N,3,3,令,零,聲,other,False,,other,0,0,0
196,extended,X,X,1,2,鬼,瑰,聲,other,False,,other,0,0,0
9448,extended,N,N,3,3,鬼,魁,聲,other,False,,other,0,0,0
5895,extended,E,N,1,2,羊,庠,聲,other,False,,other,0,0,0
636,extended,X,X,3,3,句,苟,聲,alt_other,False,,tone_voicing_alt,0,0,0
3566,extended,E,E,2,2,少,杪,聲,other,False,,other,0,0,0
8757,extended,X,X,3,2,兀,虺,聲,other,False,,other,0,0,0
6156,extended,N,N,2,2,奇,騎,聲,identical,False,,identical,0,1,1
8026,extended,E,E,2,2,干,扞,聲,other,False,,other,0,0,0
899,extended,N,N,2,3,夾,唊,聲,other,False,,other,0,0,0
4026,extended,X,X,3,3,亡,邙,聲,other,True,,other,0,0,0
8669,extended,N,N,2,2,半,絆,聲,identical,False,,identical,0,1,1
799,extended,N,N,2,2,疑,㘈,聲,other,False,,other,0,0,0
1679,extended,E,E,2,1,干,訐,聲,other,False,,other,0,0,0
6385,extended,N,N,2,3,毀,燬,聲,identical,False,,identical,0,1,1
6363,extended,X,X,2,3,平,䶄,聲,other,False,,other,0,0,0
6281,extended,N,N,3,2,奇,猗,聲,other,False,,other,0,0,0
9494,extended,N,N,3,3,菐,轐,聲,alt_other,False,,tone_voicing_alt,0,0,0
6904,extended,N,N,3,2,夾,㤲,聲,other,False,,other,0,0,0
2396,extended,X,X,3,3,昏,𪂆,聲,other,False,,other,0,0,0
5048,extended,Y,Y,3,3,合,佮,聲,other,True,,other,0,0,0
5549,extended,N,N,2,1,骨,䯉,聲,other,False,,other,0,0,0
9554,extended,N,N,3,2,共,輂,聲,other,False,,other,0,0,0
1048,extended,N,N,3,2,朿,𧻕,聲,other,False,,other,0,0,0
6109,extended,N,N,3,2,句,駒,聲,other,False,,other,0,0,0
6151,extended,N,N,1,2,光,駫,聲,other,False,,other,0,0,0
5681,extended,N,N,3,2,卑,𩔹,聲,identical,False,,identical,0,1,1
455,extended,X,X,3,3,冥,蓂,聲,identical,False,,identical,0,1,1
2112,extended,N,N,2,2,毛,眊,聲,alt_departing,False,,tone_voicing_alt,0,1,0
4446,extended,X,X,2,2,卑,𪐄,聲,alt_other,False,,tone_voicing_alt,0,0,0
1285,extended,N,N,2,2,芻,齺,聲,other,False,,other,0,0,0
8043,extended,N,N,2,2,取,掫,聲,other,False,,other,0,0,0
8972,extended,N,N,3,3,竹,竺,聲,other,False,,other,0,0,0
3164,extended,N,N,2,3,臽,䘓,聲,other,False,,other,0,0,0
6094,extended,X,X,3,3,召,貂,聲,other,False,,other,0,0,0
9148,extended,N,N,1,1,亡,甿,聲,other,False,,other,0,0,0
8842,extended,N,N,2,2,屮,𧈪,聲,other,False,,other,0,0,0
3667,extended,E,E,2,1,合,㭘,聲,identical,False,,identical,0,1,1
6511,extended,N,N,3,3,音,黯,聲,other,False,,other,0,0,0
2105,extended,E,E,2,2,分,盼,聲,other,False,,other,0,0,0
1493,extended,N,N,2,1,巽,譔,聲,other,False,,other,0,0,0
2170,extended,E,E,2,2,生,眚,聲,alt_other,True,,tone_voicing_alt,0,0,0
4484,extended,N,N,3,3,工,䉺,聲,other,False,,other,0,0,0
8761,extended,X,X,3,3,元,蚖,聲,identical,False,,identical,0,1,1
1867,extended,N,N,3,3,耳,𩱓,聲,alt_departing,False,,tone_voicing_alt,0,1,0
6966,extended,X,X,3,3,元,沅,聲,identical,False,,identical,0,1,1
8283,extended,N,N,2,2,夾,㛍,聲,other,False,,other,0,0,0
3206,extended,N,N,3,2,丑,𩚖,聲,other,False,,other,0,0,0
6016,extended,N,N,3,2,龍,礱,聲,other,False,,other,0,0,0
1233,extended,E,E,2,2,及,彶,聲,alt_other,False,,tone_voicing_alt,0,0,0
6484,extended,N,N,3,3,亢,炕,聲,other,False,,other,0,0,0
1662,extended,N,N,2,2,少,訬,聲,other,False,,other,0,0,0
8294,extended,N,N,3,2,監,㜮,聲,other,False,,other,0,0,0
666,extended,X,X,2,2,冒,萺,聲,other,False,,other,0,0,0
2957,extended,N,N,3,3,令,笭,聲,other,False,,other,0,0,0
9586,extended,N,N,2,3,鬼,隗,聲,other,False,,other,0,0,0
1062,extended,N,N,3,2,干,赶,聲,other,False,,other,0,0,0
1734,extended,X,X,2,2,召,韶,聲,other,False,,other,0,0,0
5703,extended,N,N,3,3,監,䰐,聲,other,False,,other,0,0,0
1296,extended,N,N,3,2,奇,齮,聲,other,False,,other,0,0,0
8662,extended,N,N,3,3,正,䋊,聲,alt_departing,False,,tone_voicing_alt,0,1,0
4123,extended,X,X,3,3,干,邗,聲,other,False,,other,0,0,0
311,extended,N,X,3,3,及,芨,聲,alt_other,False,,tone_voicing_alt,0,0,0
4003,extended,X,X,3,3,分,邠,聲,other,False,,other,0,0,0
743,extended,N,N,3,3,平,𤘾,聲,other,False,,other,0,0,0
8879,extended,X,X,2,2,兩,蜽,聲,identical,False,,identical,0,1,1
5489,extended,N,N,2,2,毛,覒,聲,alt_departing,False,,tone_voicing_alt,0,1,0
3195,extended,N,N,3,3,易,𩛿,聲,other,False,,other,0,0,0
7439,extended,N,N,3,3,卑,顰,聲,other,False,,other,0,0,0
7001,extended,X,X,3,3,令,泠,聲,other,False,,other,0,0,0
5502,extended,N,N,2,2,句,欨,聲,other,False,,other,0,0,0
4137,extended,X,X,3,3,句,邭,聲,other,False,,other,0,0,0
9619,extended,N,N,3,2,章,障,聲,alt_departing,False,,tone_voicing_alt,0,1,0
7267,extended,N,N,3,2,朿,洓,聲,other,False,,other,0,0,0
4188,extended,N,N,2,3,句,昫,聲,other,False,,other,0,0,0
3574,extended,N,N,1,1,丩,朻,聲,other,False,,other,0,0,0
2143,extended,N,N,3,2,賓,矉,聲,identical,False,,identical,0,1,1
7700,extended,N,N,2,2,干,閈,聲,other,False,,other,0,0,0
9390,extended,N,N,3,3,少,鈔,聲,other,False,,other,0,0,0
465,extended,X,X,3,3,元,芫,聲,identical,False,,identical,0,1,1
7901,extended,E,N,1,1,斬,摲,聲,other,False,,other,0,0,0
7107,extended,N,N,3,3,象,潒,聲,other,False,,other,0,0,0
3209,extended,N,N,3,3,象,𩞧,聲,other,False,,other,0,0,0
2661,extended,N,N,1,2,善,膳,聲,alt_departing,False,,tone_voicing_alt,0,1,0
9354,extended,N,N,3,2,延,鋋,聲,other,False,,other,0,0,0
1301,extended,N,N,3,2,干,𪗙,聲,other,False,,other,0,0,0
8184,extended,N,N,2,2,齊,䶒,聲,identical,False,,identical,0,1,1
84,extended,X,X,1,2,敬,璥,聲,alt_departing,False,,tone_voicing_alt,0,1,0
8253,extended,N,N,2,3,善,嫸,聲,alt_other,False,,tone_voicing_alt,0,0,0
6268,extended,X,X,2,2,𥄕,萈,聲,other,False,,other,0,0,0
9157,extended,N,N,3,3,夾,䵌,聲,other,False,,other,0,0,0
2914,extended,N,N,3,2,卑,箄,聲,alt_other,False,,tone_voicing_alt,0,0,0
6522,extended,N,N,3,3,甘,黚,聲,other,False,,other,0,0,0
7629,extended,X,X,1,2,亢,魧,聲,identical,False,,identical,0,1,1
3792,extended,N,N,2,2,取,棷,聲,other,False,,other,0,0,0
1545,extended,E,E,2,2,合,詥,聲,identical,False,,identical,0,1,1
6854,extended,N,N,3,2,喜,𢜳,聲,other,False,,other,0,0,0
6985,extended,X,X,3,3,分,汾,聲,alt_other,False,,tone_voicing_alt,0,0,0
8522,extended,E,E,2,2,文,紊,聲,alt_departing,False,,tone_voicing_alt,0,1,0
8919,extended,X,X,3,3,亡,蝱,聲,other,False,,other,0,0,0
1255,extended,N,N,3,2,勻,𢓈,聲,other,False,,other,0,0,0
5826,extended,X,X,3,3,疑,嶷,聲,identical,False,,identical,0,1,1
6370,extended,X,X,3,3,句,鼩,聲,other,False,,other,0,0,0
2823,extended,E,E,2,3,奇,觭,聲,other,False,,other,0,0,0
4108,extended,X,X,3,3,會,鄶,聲,other,False,,other,0,0,0
2747,extended,N,N,3,3,會,劊,聲,other,False,,other,0,0,0
1254,extended,N,N,2,2,奇,徛,聲,alt_other,False,,tone_voicing_alt,0,0,0
8141,extended,X,X,2,2,耳,㛅,聲,alt_departing,False,,tone_voicing_alt,0,1,0
570,extended,N,N,2,2,斬,蔪,聲,other,False,,other,0,0,0
5127,extended,N,N,3,2,易,㑥,聲,other,False,,other,0,0,0
3927,extended,E,E,2,2,臤,賢,聲,other,False,,other,0,0,0
7820,extended,N,N,2,2,甘,拑,聲,other,False,,other,0,0,0
9132,extended,N,E,2,2,奇,畸,聲,alt_other,False,,tone_voicing_alt,0,0,0
4948,extended,N,N,2,2,予,伃,聲,alt_other,False,,tone_voicing_alt,0,0,0
4461,extended,N,N,2,2,卑,粺,聲,other,False,,other,0,0,0
1651,extended,N,N,3,3,丩,訆,聲,other,False,,other,0,0,0
3473,extended,X,X,3,3,齊,櫅,聲,alt_other,False,,tone_voicing_alt,0,0,0
5287,extended,N,N,3,2,分,衯,聲,other,False,,other,0,0,0
5933,extended,N,N,2,2,酉,庮,聲,identical,False,,identical,0,1,1
1178,extended,E,N,1,2,酉,逎,聲,other,False,,other,0,0,0
7924,extended,N,N,2,3,工,扛,聲,other,False,,other,0,0,0
8772,extended,N,X,3,2,臽,蜭,聲,other,False,,other,0,0,0
4934,extended,Y,Y,3,3,巽,僎,聲,other,False,,other,0,0,0
1329,extended,N,N,3,3,石,跖,聲,alt_other,False,,tone_voicing_alt,0,0,0
4397,extended,N,N,2,2,子,秄,聲,identical,False,,identical,0,1,1
6301,extended,N,N,2,2,廣,獷,聲,other,False,,other,0,0,0
3571,extended,N,N,3,2,召,柖,聲,other,False,,other,0,0,0
4391,extended,E,E,1,1,少,秒,聲,other,False,,other,0,0,0
3750,extended,N,E,2,1,斬,槧,聲,other,False,,other,0,0,0
9464,extended,N,N,3,2,丑,䂇,聲,other,False,,other,0,0,0
5296,extended,E,E,2,1,合,袷,聲,other,False,,other,0,0,0
7925,extended,N,N,2,2,分,扮,聲,alt_other,False,,tone_voicing_alt,0,0,0
7323,extended,N,N,3,3,自,洎,聲,other,False,,other,0,0,0
8749,extended,X,X,2,2,鄉,蠁,聲,alt_other,False,,tone_voicing_alt,0,0,0
5267,extended,N,N,3,3,石,袥,聲,other,False,,other,0,0,0
8750,extended,X,X,2,2,召,蛁,聲,other,False,,other,0,0,0
6766,extended,N,E,2,1,干,忓,聲,identical,False,,identical,0,1,1
2538,extended,N,N,2,2,丂,㱙,聲,other,False,,other,0,0,0
1397,extended,E,E,2,2,句,跔,聲,other,False,,other,0,0,0
2122,extended,N,N,1,1,冒,𥈆,聲,identical,False,,identical,0,1,1
8285,extended,N,E,1,1,毀,𡢕,聲,identical,False,,identical,0,1,1
5321,extended,N,N,3,3,易,裼,聲,other,False,,other,0,0,0
6319,extended,N,N,3,3,易,𤟍,聲,other,False,,other,0,0,0
4380,extended,X,X,2,2,廣,穬,聲,other,False,,other,0,0,0
2108,extended,N,E,1,1,見,睍,聲,other,False,,other,0,0,0
3154,extended,N,N,3,3,不,衃,聲,other,False,,other,0,0,0
3935,extended,N,N,3,3,弋,貣,聲,other,False,,other,0,0,0
8555,extended,N,N,3,3,弟,綈,聲,alt_departing,False,,tone_voicing_alt,0,1,0
2178,extended,N,N,3,2,米,眯,聲,identical,False,,identical,0,1,1
9013,extended,N,N,3,3,見,垷,聲,other,False,,other,0,0,0
4,extended,N,N,2,2,不,丕,聲,other,False,,other,0,0,0
3636,extended,N,N,2,3,龍,㰍,聲,other,False,,other,0,0,0
8122,extended,N,N,3,3,弋,㚤,聲,identical,False,,identical,0,1,1
3971,extended,N,N,3,3,疋,䝪,聲,alt_other,False,,tone_voicing_alt,0,0,0
997,extended,N,N,2,2,臤,𧼒,聲,other,False,,other,0,0,0
8534,extended,N,N,2,2,骨,縎,聲,identical,False,,identical,0,1,1
1795,extended,N,N,3,2,及,靸,聲,other,False,,other,0,0,0
6243,extended,X,X,3,3,章,麞,聲,identical,False,,identical,0,1,1
3872,extended,N,E,3,2,句,䅓,聲,other,False,,other,0,0,0
7600,extended,X,X,3,3,分,魵,聲,alt_other,False,,tone_voicing_alt,0,0,0
1982,extended,N,N,3,3,干,皯,聲,alt_other,False,,tone_voicing_alt,0,0,0
2303,extended,N,N,2,1,弋,隿,聲,identical,False,,identical,0,1,1
9487,extended,N,N,2,2,奇,輢,聲,other,False,,other,0,0,0
4313,extended,N,N,2,2,生,夝,聲,other,False,,other,0,0,0
6653,extended,N,N,3,2,句,竘,聲,other,False,,other,0,0,0
4959,extended,N,N,2,2,分,份,聲,other,False,,other,0,0,0
4187,extended,N,N,2,2,易,晹,聲,other,False,,other,0,0,0
6205,extended,N,N,3,3,日,馹,聲,identical,False,,identical,0,1,1
5800,extended,N,N,2,2,虎,䰧,聲,alt_other,False,,tone_voicing_alt,0,0,0
2093,extended,E,E,2,1,夾,䀹,聲,other,False,,other,0,0,0
9353,extended,N,N,3,3,及,鈒,聲,other,False,,other,0,0,0
5117,extended,N,E,3,1,善,僐,聲,identical,False,,identical,0,1,1
5910,extended,E,E,1,1,會,廥,聲,other,False,,other,0,0,0
984,extended,N,N,2,2,丩,赳,聲,other,False,,other,0,0,0
2824,extended,E,E,2,2,丩,觓,聲,other,False,,other,0,0,0
8682,extended,N,N,3,3,昏,緍,聲,other,False,,other,0,0,0
8005,extended,N,N,3,3,平,抨,聲,other,False,,other,0,0,0
1018,extended,N,N,2,2,臭,𧽒,聲,other,False,,other,0,0,0
5162,extended,N,N,2,2,召,佋,聲,other,False,,other,0,0,0
7627,extended,N,E,1,1,高,鰝,聲,other,False,,other,0,0,0
4711,extended,E,Y,2,2,句,痀,聲,other,False,,other,0,0,0
4013,extended,X,X,3,3,合,郃,聲,identical,False,,identical,0,1,1
254,extended,X,E,2,1,子,芓,聲,alt_departing,False,,tone_voicing_alt,0,1,0
8767,extended,X,X,3,3,柔,蝚,聲,identical,False,,identical,0,1,1
8812,extended,X,X,3,3,夾,蛺,聲,other,False,,other,0,0,0
7317,extended,N,N,2,3,丑,沑,聲,other,False,,other,0,0,0
5326,extended,N,N,3,3,壯,裝,聲,alt_departing,False,,tone_voicing_alt,0,1,0
5640,extended,N,N,3,2,豈,顗,聲,other,False,,other,0,0,0
9491,extended,N,N,2,2,令,軨,聲,other,False,,other,0,0,0
8992,extended,N,N,3,3,菐,墣,聲,other,False,,other,0,0,0
4122,extended,X,X,3,3,章,鄣,聲,identical,False,,identical,0,1,1
9632,extended,X,X,3,3,元,阮,聲,alt_other,False,,tone_voicing_alt,0,0,0
8207,extended,E,N,2,1,賓,嬪,聲,alt_other,False,,tone_voicing_alt,0,0,0
6912,extended,N,N,3,3,共,㤨,聲,alt_departing,False,,tone_voicing_alt,0,1,0
3290,extended,N,N,3,3,后,缿,聲,other,False,,other,0,0,0
7447,extended,N,N,2,2,曰,𡿯,聲,other,False,,other,0,0,0
1116,extended,E,E,2,2,合,䢔,聲,identical,False,,identical,0,1,1
8467,extended,N,N,2,2,少,玅,聲,other,False,,other,0,0,0
6240,extended,X,X,2,2,辰,麎,聲,identical,False,,identical,0,1,1
9630,extended,X,X,3,3,奇,陭,聲,other,False,,other,0,0,0
6501,extended,N,N,2,3,臽,燄,聲,other,False,,other,0,0,0
4904,extended,N,N,3,2,合,𢂷,聲,other,False,,other,0,0,0
2043,extended,N,N,3,3,句,敂,聲,alt_other,False,,tone_voicing_alt,0,0,0
4754,extended,N,N,3,3,易,痬,聲,identical,False,,identical,0,1,1
1688,extended,E,N,1,1,朿,𧧒,聲,identical,False,,identical,0,1,1
5364,extended,N,N,2,2,先,毨,聲,alt_other,False,,tone_voicing_alt,0,0,0
6661,extended,E,E,1,2,卑,䇑,聲,other,False,,other,0,0,0
2042,extended,N,N,2,3,丂,攷,聲,identical,False,,identical,0,1,1
1396,extended,N,N,2,2,先,跣,聲,alt_other,False,,tone_voicing_alt,0,0,0
784,extended,N,N,3,3,龍,嚨,聲,other,False,,other,0,0,0
1100,extended,E,E,2,3,正,𨒌,聲,alt_departing,True,,tone_voicing_alt,0,1,0
3837,extended,N,N,2,2,分,棼,聲,alt_other,False,,tone_voicing_alt,0,0,0
7717,extended,N,N,2,2,豈,闓,聲,other,False,,other,0,0,0
4821,extended,N,N,3,3,音,罯,聲,other,False,,other,0,0,0
8010,extended,N,N,2,3,菐,撲,聲,other,False,,other,0,0,0
3779,extended,N,N,3,2,光,桄,聲,alt_departing,False,,tone_voicing_alt,0,1,0
3933,extended,N,N,3,2,齊,齎,聲,alt_other,False,,tone_voicing_alt,0,0,0
1868,extended,N,N,3,2,芻,𩱦,聲,other,False,,other,0,0,0
8591,extended,N,N,3,3,不,紑,聲,other,False,,other,0,0,0
5304,extended,E,E,2,3,中,衷,聲,identical,False,,identical,0,1,1
8508,extended,N,N,2,2,召,紹,聲,other,False,,other,0,0,0
1785,extended,N,N,2,2,干,靬,聲,other,False,,other,0,0,0
8941,extended,N,N,3,3,日,䫻,聲,other,False,,other,0,0,0
9247,extended,E,E,2,2,監,鑑,聲,alt_departing,True,,tone_voicing_alt,0,1,0
7275,extended,N,N,3,3,龍,瀧,聲,other,False,,other,0,0,0
3344,extended,N,N,3,2,穴,䴳,聲,other,False,,other,0,0,0
6274,extended,N,N,2,3,會,獪,聲,other,False,,other,0,0,0
6013,extended,N,N,1,1,延,硟,聲,other,False,,other,0,0,0
5479,extended,N,E,2,1,豈,覬,聲,other,False,,other,0,0,0
2738,extended,N,N,1,2,奇,剞,聲,alt_other,False,,tone_voicing_alt,0,0,0
3808,extended,N,N,3,3,龍,櫳,聲,other,False,,other,0,0,0
2691,extended,N,N,2,2,生,胜,聲,other,False,,other,0,0,0
9593,extended,E,E,2,2,夾,陜,聲,other,False,,other,0,0,0
3758,extended,N,N,3,2,及,极,聲,other,False,,other,0,0,0
9370,extended,N,N,2,3,工,釭,聲,other,False,,other,0,0,0
2324,extended,N,N,3,3,象,羋,聲,other,False,,other,0,0,0
5605,extended,N,N,2,2,骨,顝,聲,other,False,,other,0,0,0
4274,extended,N,N,2,3,奇,旖,聲,other,False,,other,0,0,0
4413,extended,N,N,3,2,高,稾,聲,alt_other,False,,tone_voicing_alt,0,0,0
6745,extended,N,N,3,3,先,㤅,聲,other,False,,other,0,0,0
6824,extended,N,N,3,3,元,忨,聲,other,False,,other,0,0,0
5038,extended,N,E,3,1,先,侁,聲,other,False,,other,0,0,0
199,extended,X,X,3,2,干,玕,聲,identical,False,,identical,0,1,1
8703,extended,N,N,3,3,易,緆,聲,other,False,,other,0,0,0
1707,extended,N,N,2,2,音,諳,聲,other,False,,other,0,0,0
7266,extended,E,E,2,2,冥,溟,聲,identical,False,,identical,0,1,1
9050,extended,N,N,3,3,自,垍,聲,other,False,,other,0,0,0
2157,extended,N,N,3,2,易,睗,聲,other,False,,other,0,0,0
2072,extended,N,N,1,2,召,𠧙,聲,other,False,,other,0,0,0
4360,extended,N,N,2,3,坴,稑,聲,identical,False,,identical,0,1,1
4245,extended,N,N,2,3,成,晟,聲,alt_departing,False,,tone_voicing_alt,0,1,0
7554,extended,X,X,2,3,系,鯀,聲,other,False,,other,0,0,0
8635,extended,N,N,2,3,穴,䋉,聲,identical,False,,identical,0,1,1
1084,extended,N,N,2,1,朿,㭰,聲,other,False,,other,0,0,0
5275,extended,N,N,3,3,召,袑,聲,other,False,,other,0,0,0
8095,extended,N,N,3,3,芻,媰,聲,other,False,,other,0,0,0
4083,extended,X,X,3,3,卑,郫,聲,alt_other,False,,tone_voicing_alt,0,0,0
9331,extended,N,N,2,2,勻,鈞,聲,other,False,,other,0,0,0
150,extended,N,N,3,2,令,玲,聲,other,False,,other,0,0,0
7025,extended,X,X,3,3,頃,潁,聲,other,False,,other,0,0,0
5083,extended,N,N,2,2,子,仔,聲,alt_other,False,,tone_voicing_alt,0,0,0
604,extended,N,N,3,3,卑,萆,聲,other,False,,other,0,0,0
1273,extended,N,N,3,3,干,衎,聲,other,False,,other,0,0,0
6424,extended,N,N,3,3,共,烘,聲,other,False,,other,0,0,0
7619,extended,N,N,3,1,生,鮏,聲,other,False,,other,0,0,0
2381,extended,X,X,2,3,祟,䳳,聲,other,False,,other,0,0,0
1710,extended,N,N,3,3,耒,誄,聲,other,False,,other,0,0,0
4973,extended,N,N,3,3,工,仜,聲,other,False,,other,0,0,0
5355,extended,N,N,2,2,句,耇,聲,alt_other,False,,tone_voicing_alt,0,0,0
5633,extended,N,N,2,3,善,𩕊,聲,alt_other,False,,tone_voicing_alt,0,0,0
6410,extended,N,N,3,3,干,㶣,聲,other,False,,other,0,0,0
7283,extended,N,N,2,1,臽,淊,聲,other,False,,other,0,0,0
4677,extended,N,N,2,1,鬼,瘣,聲,other,False,,other,0,0,0
8102,extended,N,N,2,2,句,姁,聲,other,False,,other,0,0,0
8181,extended,N,N,2,3,井,妌,聲,alt_other,False,,tone_voicing_alt,0,0,0
5036,extended,E,N,1,1,夾,俠,聲,other,False,,other,0,0,0
2595,extended,N,N,2,2,臤,腎,聲,other,False,,other,0,0,0
6209,extended,N,N,2,3,先,駪,聲,other,False,,other,0,0,0
882,extended,N,N,2,3,見,哯,聲,other,False,,other,0,0,0
5658,extended,N,E,3,2,昏,䫒,聲,other,False,,other,0,0,0
9188,extended,E,E,2,3,少,劣,聲,other,False,,other,0,0,0
4553,extended,N,N,1,2,成,宬,聲,identical,False,,identical,0,1,1
2586,extended,N,N,2,2,不,肧,聲,other,False,,other,0,0,0
1288,extended,N,N,3,3,取,齱,聲,other,False,,other,0,0,0
2736,extended,E,E,2,2,句,𠛎,聲,identical,False,,identical,0,1,1
9335,extended,N,N,3,3,正,鉦,聲,alt_departing,False,,tone_voicing_alt,0,1,0
9402,extended,X,X,1,1,弟,銻,聲,alt_departing,False,,tone_voicing_alt,0,1,0
5078,extended,N,N,2,3,令,伶,聲,other,False,,other,0,0,0
8441,extended,N,N,3,3,召,弨,聲,other,False,,other,0,0,0
8291,extended,N,N,3,2,會,嬒,聲,other,False,,other,0,0,0
2682,extended,N,N,3,3,疋,胥,聲,other,False,,other,0,0,0
4884,extended,N,N,3,2,及,㠷,聲,other,False,,other,0,0,0
9141,extended,N,N,2,2,亢,㽘,聲,alt_other,False,,tone_voicing_alt,0,0,0
4752,extended,N,N,3,2,夾,㾜,聲,other,False,,other,0,0,0
664,extended,X,X,3,2,召,苕,聲,other,False,,other,0,0,0
4378,extended,X,X,2,2,亢,秔,聲,other,False,,other,0,0,0
9180,extended,N,N,2,1,冒,勖,聲,other,False,,other,0,0,0
1712,extended,N,N,3,2,后,詬,聲,alt_departing,False,,tone_voicing_alt,0,1,0
4890,extended,N,X,2,1,弦,㡉,聲,other,False,,other,0,0,0
4063,extended,X,X,3,3,自,郋,聲,other,False,,other,0,0,0
8157,extended,N,N,2,2,畫,嫿,聲,identical,False,,identical,0,1,1
6949,extended,X,X,3,3,八,汃,聲,other,False,,other,0,0,0
5586,extended,E,E,1,2,夾,頰,聲,other,False,,other,0,0,0
4833,extended,N,N,2,2,分,𢁥,聲,other,False,,other,0,0,0
653,extended,X,X,2,3,𠧴,𦵵,聲,identical,False,,identical,0,1,1
7625,extended,X,N,1,2,令,魿,聲,other,False,,other,0,0,0
9202,extended,N,N,2,2,食,飭,聲,other,False,,other,0,0,0
7766,extended,N,E,1,1,令,聆,聲,other,False,,other,0,0,0
2737,extended,N,N,3,2,豈,剴,聲,other,False,,other,0,0,0
4095,extended,X,X,3,3,耒,䣂,聲,identical,False,,identical,0,1,1
3961,extended,E,E,2,1,反,販,聲,alt_departing,False,,tone_voicing_alt,0,1,0
4941,extended,X,X,3,3,及,伋,聲,alt_other,False,,tone_voicing_alt,0,0,0
9058,extended,N,N,3,3,章,墇,聲,alt_departing,False,,tone_voicing_alt,0,1,0
823,extended,N,N,3,2,四,呬,聲,other,False,,other,0,0,0
8421,extended,N,N,3,3,令,瓴,聲,other,False,,other,0,0,0
9653,extended,N,E,3,1,卑,陴,聲,alt_other,False,,tone_voicing_alt,0,0,0
9499,extended,E,E,3,2,柔,輮,聲,alt_other,False,,tone_voicing_alt,0,0,0
5027,extended,N,N,3,3,耳,佴,聲,alt_departing,False,,tone_voicing_alt,0,1,0
8515,extended,N,N,2,2,㚔,緈,聲,other,False,,other,0,0,0
9539,extended,N,N,2,2,匡,軭,聲,other,False,,other,0,0,0
4109,extended,X,X,3,3,元,邧,聲,alt_other,False,,tone_voicing_alt,0,0,0
536,extended,N,E,2,2,會,薈,聲,other,False,,other,0,0,0
8753,extended,X,N,2,2,鬼,螝,聲,other,False,,other,0,0,0
4143,extended,X,X,3,3,丑,𨙺,聲,other,False,,other,0,0,0
195,extended,X,X,1,2,文,玟,聲,other,False,,other,0,0,0
498,extended,N,N,2,2,不,芣,聲,alt_other,False,,tone_voicing_alt,0,0,0
5595,extended,N,N,3,3,不,𩑢,聲,other,False,,other,0,0,0
2226,extended,N,N,3,3,干,鼾,聲,other,False,,other,0,0,0
1307,extended,N,N,3,3,豈,䶣,聲,other,False,,other,0,0,0
5307,extended,N,N,3,2,卑,裨,聲,identical,False,,identical,0,1,1
4379,extended,X,X,2,2,毛,秏,聲,other,False,,other,0,0,0
3061,extended,N,N,3,3,否,嚭,聲,other,False,,other,0,0,0
4774,extended,E,E,2,2,疑,癡,聲,other,False,,other,0,0,0
752,extended,E,N,1,1,生,牲,聲,identical,False,,identical,0,1,1
354,extended,X,X,3,2,弦,𦱁,聲,identical,False,,identical,0,1,1
4340,extended,N,N,2,2,反,版,聲,other,False,,other,0,0,0
4942,extended,X,X,3,3,亢,伉,聲,other,False,,other,0,0,0
303,extended,X,X,2,3,予,芧,聲,other,False,,other,0,0,0
4116,extended,X,X,3,3,取,郰,聲,other,False,,other,0,0,0
4614,extended,N,N,2,2,音,窨,聲,alt_departing,False,,tone_voicing_alt,0,1,0
7578,extended,X,X,3,3,豊,鱧,聲,identical,False,,identical,0,1,1
4408,extended,N,N,3,2,會,𥢶,聲,other,False,,other,0,0,0
8954,extended,N,X,3,2,元,黿,聲,identical,False,,identical,0,1,1
2301,extended,N,N,3,3,工,𨾊,聲,other,False,,other,0,0,0
5546,extended,N,N,1,2,臽,欿,聲,other,False,,other,0,0,0
2254,extended,N,N,2,2,夾,翜,聲,other,False,,other,0,0,0
726,extended,E,E,2,2,反,叛,聲,other,False,,other,0,0,0
8833,extended,X,X,2,2,𡭴,𧎾,聲,other,False,,other,0,0,0
8557,extended,N,N,3,2,高,縞,聲,alt_other,False,,tone_voicing_alt,0,0,0
7099,extended,N,N,3,3,共,洪,聲,other,False,,other,0,0,0
6100,extended,X,X,2,3,穴,貁,聲,other,False,,other,0,0,0
3703,extended,N,N,2,2,廣,櫎,聲,other,False,,other,0,0,0
4514,extended,N,N,3,3,取,黀,聲,other,False,,other,0,0,0
9389,extended,N,N,2,2,巽,鐉,聲,other,False,,other,0,0,0
2569,extended,N,N,3,3,賓,髕,聲,alt_other,False,,tone_voicing_alt,0,0,0
5805,extended,N,N,3,2,賓,𩴱,聲,alt_other,False,,tone_voicing_alt,0,0,0
5257,extended,N,N,3,3,監,襤,聲,other,False,,other,0,0,0
9784,extended,N,N,3,3,弋,䣧,聲,identical,False,,identical,0,1,1
8000,extended,N,N,2,3,兀,扤,聲,identical,False,,identical,0,1,1
281,extended,X,X,3,2,賓,薲,聲,alt_other,False,,tone_voicing_alt,0,0,0
1620,extended,N,N,2,2,自,詯,聲,other,False,,other,0,0,0
2283,extended,N,N,3,3,芻,雛,聲,other,False,,other,0,0,0
1014,extended,E,E,2,2,勻,赹,聲,other,False,,other,0,0,0
9179,extended,E,N,1,1,召,劭,聲,other,False,,other,0,0,0
3686,extended,N,N,3,3,四,柶,聲,identical,False,,identical,0,1,1
5215,extended,N,N,3,2,自,臮,聲,other,False,,other,0,0,0
9607,extended,N,N,2,2,亢,阬,聲,other,False,,other,0,0,0
2662,extended,E,E,2,2,柔,腬,聲,identical,False,,identical,0,1,1
9387,extended,N,N,2,2,氣,鎎,聲,identical,False,,identical,0,1,1
8853,extended,X,X,2,2,丩,虯,聲,other,False,,other,0,0,0
5732,extended,N,E,1,1,兀,髡,聲,other,False,,other,0,0,0
7130,extended,N,N,3,2,亢,沆,聲,other,False,,other,0,0,0
6115,extended,N,N,2,2,鬼,騩,聲,other,False,,other,0,0,0
6838,extended,N,N,3,2,分,忿,聲,other,False,,other,0,0,0
9431,extended,N,N,1,2,句,斪,聲,other,False,,other,0,0,0
6362,extended,N,X,2,3,分,鼢,聲,alt_other,False,,tone_voicing_alt,0,0,0
9085,extended,N,N,3,3,后,垢,聲,other,False,,other,0,0,0
3908,extended,N,N,3,3,令,囹,聲,other,False,,other,0,0,0
7466,extended,N,N,3,2,龍,豅,聲,other,False,,other,0,0,0
9185,extended,N,N,2,2,象,勨,聲,other,False,,other,0,0,0
5274,extended,N,N,3,3,龍,襱,聲,other,False,,other,0,0,0
8985,extended,N,N,2,2,高,塙,聲,other,False,,other,0,0,0
5682,extended,N,N,3,3,否,䫠,聲,other,False,,other,0,0,0
9516,extended,E,E,2,3,句,軥,聲,alt_departing,False,,tone_voicing_alt,0,1,0
5476,extended,N,N,3,2,𠧴,𧡹,聲,identical,False,,identical,0,1,1
1206,extended,N,N,2,3,亢,迒,聲,other,False,,other,0,0,0
1641,extended,E,E,1,1,延,誕,聲,other,False,,other,0,0,0
390,extended,X,X,2,2,章,蔁,聲,identical,False,,identical,0,1,1
9471,extended,N,N,2,3,召,軺,聲,other,False,,other,0,0,0
4047,extended,X,X,3,3,井,𨙷,聲,identical,False,,identical,0,1,1
7019,extended,X,X,3,3,豊,澧,聲,identical,False,,identical,0,1,1
8565,extended,E,E,2,2,會,繪,聲,identical,True,,identical,0,1,1
3696,extended,N,N,3,2,卑,椑,聲,other,False,,other,0,0,0
7197,extended,N,N,3,3,日,涅,聲,other,False,,other,0,0,0
5588,extended,E,E,2,2,合,頜,聲,other,False,,other,0,0,0
3525,extended,N,X,3,3,分,枌,聲,alt_other,False,,tone_voicing_alt,0,0,0
9310,extended,N,N,3,3,召,鉊,聲,other,False,,other,0,0,0
7040,extended,X,X,3,3,四,泗,聲,identical,False,,identical,0,1,1
1189,extended,E,E,2,1,干,迀,聲,identical,False,,identical,0,1,1
2583,extended,E,E,2,2,會,䯤,聲,other,True,,other,0,0,0
2331,extended,X,X,1,2,分,羒,聲,alt_other,False,,tone_voicing_alt,0,0,0
4957,extended,N,N,2,2,鬼,傀,聲,other,False,,other,0,0,0
4287,extended,E,N,2,1,生,曐,聲,other,False,,other,0,0,0
2058,extended,N,N,1,2,卑,㪏,聲,other,False,,other,0,0,0
