kind,target,fp_L,fp_O,fp_O_required,false_pos_share_of_coded_related_ordinary,OR_star,OR_star_boot_lo,OR_star_boot_hi
tipping,2.0,0.0,,0.0586,0.302,,,
tipping,2.0,0.05,,0.0604,0.312,,,
tipping,2.0,0.1,,0.0624,0.323,,,
tipping,2.0,0.2,,0.0671,0.349,,,
tipping,2.0,0.3,,0.0731,0.382,,,
tipping,1.5,0.0,,0.0907,0.484,,,
tipping,1.5,0.05,,0.0917,0.49,,,
tipping,1.5,0.1,,0.0928,0.496,,,
tipping,1.5,0.2,,0.0954,0.511,,,
tipping,1.5,0.3,,0.0988,0.532,,,
tipping,1.0,0.0,,0.1146,0.628,,,
tipping,1.0,0.05,,0.1151,0.631,,,
tipping,1.0,0.1,,0.1157,0.634,,,
tipping,1.0,0.2,,0.117,0.643,,,
tipping,1.0,0.3,,0.1188,0.653,,,
tipping,lower95=1,0.0,,0.058,0.299,,,
tipping,lower95=1,0.05,,0.0588,0.303,,,
tipping,lower95=1,0.1,,0.0598,0.308,,,
tipping,lower95=1,0.2,,0.0619,0.32,,,
tipping,lower95=1,0.3,,0.0648,0.336,,,
grid,,0.0,0.0,,,2.614,1.55,4.686
grid,,0.0,0.005,,,2.572,1.518,4.654
grid,,0.0,0.01,,,2.528,1.478,4.609
grid,,0.0,0.015,,,2.483,1.435,4.563
grid,,0.0,0.02,,,2.436,1.392,4.52
grid,,0.0,0.025,,,2.387,1.352,4.476
grid,,0.0,0.03,,,2.336,1.31,4.423
grid,,0.0,0.035,,,2.283,1.262,4.379
grid,,0.0,0.04,,,2.228,1.216,4.326
grid,,0.0,0.045,,,2.17,1.165,4.3
grid,,0.0,0.05,,,2.11,1.102,4.251
grid,,0.0,0.055,,,2.047,1.042,4.213
grid,,0.0,0.06,,,1.981,0.975,4.166
grid,,0.0,0.065,,,1.913,0.91,4.109
grid,,0.0,0.07,,,1.84,0.838,4.058
grid,,0.0,0.075,,,1.765,0.757,3.995
grid,,0.0,0.08,,,1.685,0.669,3.923
grid,,0.0,0.085,,,1.601,0.566,3.861
grid,,0.0,0.09,,,1.513,0.45,3.776
grid,,0.0,0.095,,,1.42,0.33,3.709
grid,,0.0,0.1,,,1.322,0.195,3.629
grid,,0.0,0.105,,,1.218,0.028,3.471
grid,,0.0,0.11,,,1.108,0.0,3.369
grid,,0.0,0.115,,,0.991,0.0,3.255
grid,,0.0,0.12,,,0.866,0.0,3.16
grid,,0.0,0.125,,,0.733,0.0,3.023
grid,,0.0,0.13,,,0.592,0.0,2.812
grid,,0.0,0.135,,,0.44,0.0,2.582
grid,,0.0,0.14,,,0.277,0.0,2.385
grid,,0.05,0.0,,,2.646,1.564,4.761
grid,,0.05,0.005,,,2.603,1.527,4.72
grid,,0.05,0.01,,,2.559,1.488,4.674
grid,,0.05,0.015,,,2.513,1.448,4.627
grid,,0.05,0.02,,,2.466,1.4,4.581
grid,,0.05,0.025,,,2.416,1.364,4.542
grid,,0.05,0.03,,,2.365,1.319,4.496
grid,,0.05,0.035,,,2.311,1.275,4.45
grid,,0.05,0.04,,,2.255,1.229,4.408
grid,,0.05,0.045,,,2.197,1.174,4.372
grid,,0.05,0.05,,,2.136,1.116,4.313
grid,,0.05,0.055,,,2.072,1.052,4.255
grid,,0.05,0.06,,,2.006,0.986,4.211
grid,,0.05,0.065,,,1.936,0.922,4.158
grid,,0.05,0.07,,,1.863,0.846,4.096
grid,,0.05,0.075,,,1.786,0.766,4.042
grid,,0.05,0.08,,,1.706,0.68,3.983
grid,,0.05,0.085,,,1.621,0.572,3.913
grid,,0.05,0.09,,,1.532,0.459,3.822
grid,,0.05,0.095,,,1.438,0.333,3.751
grid,,0.05,0.1,,,1.338,0.197,3.676
grid,,0.05,0.105,,,1.233,0.028,3.524
grid,,0.05,0.11,,,1.121,0.0,3.428
grid,,0.05,0.115,,,1.003,0.0,3.291
grid,,0.05,0.12,,,0.877,0.0,3.191
grid,,0.05,0.125,,,0.742,0.0,3.057
grid,,0.05,0.13,,,0.599,0.0,2.853
grid,,0.05,0.135,,,0.445,0.0,2.655
grid,,0.05,0.14,,,0.281,0.0,2.423
grid,,0.1,0.0,,,2.683,1.583,4.835
grid,,0.1,0.005,,,2.64,1.546,4.793
grid,,0.1,0.01,,,2.595,1.502,4.748
grid,,0.1,0.015,,,2.548,1.465,4.708
grid,,0.1,0.02,,,2.5,1.419,4.665
grid,,0.1,0.025,,,2.45,1.375,4.621
grid,,0.1,0.03,,,2.398,1.335,4.584
grid,,0.1,0.035,,,2.343,1.285,4.535
grid,,0.1,0.04,,,2.287,1.242,4.498
grid,,0.1,0.045,,,2.227,1.183,4.442
grid,,0.1,0.05,,,2.166,1.13,4.378
grid,,0.1,0.055,,,2.101,1.065,4.321
grid,,0.1,0.06,,,2.034,0.998,4.265
grid,,0.1,0.065,,,1.963,0.932,4.222
grid,,0.1,0.07,,,1.889,0.856,4.153
grid,,0.1,0.075,,,1.811,0.777,4.109
grid,,0.1,0.08,,,1.73,0.687,4.048
grid,,0.1,0.085,,,1.644,0.582,3.965
grid,,0.1,0.09,,,1.553,0.467,3.87
grid,,0.1,0.095,,,1.458,0.34,3.798
grid,,0.1,0.1,,,1.357,0.2,3.741
grid,,0.1,0.105,,,1.25,0.028,3.612
grid,,0.1,0.11,,,1.137,0.0,3.477
grid,,0.1,0.115,,,1.017,0.0,3.354
grid,,0.1,0.12,,,0.889,0.0,3.233
grid,,0.1,0.125,,,0.753,0.0,3.109
grid,,0.1,0.13,,,0.607,0.0,2.932
grid,,0.1,0.135,,,0.452,0.0,2.684
grid,,0.1,0.14,,,0.285,0.0,2.455
grid,,0.2,0.0,,,2.777,1.621,5.049
grid,,0.2,0.005,,,2.732,1.586,5.018
grid,,0.2,0.01,,,2.686,1.551,4.976
grid,,0.2,0.015,,,2.638,1.509,4.93
grid,,0.2,0.02,,,2.588,1.459,4.876
grid,,0.2,0.025,,,2.536,1.412,4.847
grid,,0.2,0.03,,,2.482,1.367,4.8
grid,,0.2,0.035,,,2.426,1.322,4.752
grid,,0.2,0.04,,,2.367,1.275,4.696
grid,,0.2,0.045,,,2.306,1.217,4.638
grid,,0.2,0.05,,,2.242,1.165,4.59
grid,,0.2,0.055,,,2.175,1.096,4.532
grid,,0.2,0.06,,,2.105,1.031,4.469
grid,,0.2,0.065,,,2.032,0.961,4.398
grid,,0.2,0.07,,,1.955,0.882,4.339
grid,,0.2,0.075,,,1.875,0.799,4.286
grid,,0.2,0.08,,,1.79,0.71,4.222
grid,,0.2,0.085,,,1.701,0.606,4.151
grid,,0.2,0.09,,,1.608,0.488,4.043
grid,,0.2,0.095,,,1.509,0.349,3.952
grid,,0.2,0.1,,,1.404,0.209,3.866
grid,,0.2,0.105,,,1.294,0.029,3.764
grid,,0.2,0.11,,,1.177,0.0,3.665
grid,,0.2,0.115,,,1.052,0.0,3.523
grid,,0.2,0.12,,,0.92,0.0,3.374
grid,,0.2,0.125,,,0.779,0.0,3.245
grid,,0.2,0.13,,,0.629,0.0,3.05
grid,,0.2,0.135,,,0.468,0.0,2.794
grid,,0.2,0.14,,,0.295,0.0,2.58
grid,,0.3,0.0,,,2.913,1.681,5.374
grid,,0.3,0.005,,,2.866,1.638,5.323
grid,,0.3,0.01,,,2.818,1.601,5.284
grid,,0.3,0.015,,,2.767,1.559,5.249
grid,,0.3,0.02,,,2.715,1.516,5.197
grid,,0.3,0.025,,,2.66,1.468,5.158
grid,,0.3,0.03,,,2.604,1.415,5.102
grid,,0.3,0.035,,,2.545,1.368,5.04
grid,,0.3,0.04,,,2.483,1.325,4.993
grid,,0.3,0.045,,,2.419,1.266,4.912
grid,,0.3,0.05,,,2.352,1.207,4.866
grid,,0.3,0.055,,,2.282,1.148,4.809
grid,,0.3,0.06,,,2.209,1.08,4.767
grid,,0.3,0.065,,,2.132,0.997,4.703
grid,,0.3,0.07,,,2.051,0.92,4.625
grid,,0.3,0.075,,,1.967,0.832,4.545
grid,,0.3,0.08,,,1.878,0.738,4.476
grid,,0.3,0.085,,,1.785,0.632,4.389
grid,,0.3,0.09,,,1.687,0.508,4.297
grid,,0.3,0.095,,,1.583,0.376,4.2
grid,,0.3,0.1,,,1.473,0.221,4.12
grid,,0.3,0.105,,,1.357,0.03,3.98
grid,,0.3,0.11,,,1.235,0.0,3.842
grid,,0.3,0.115,,,1.104,0.0,3.677
grid,,0.3,0.12,,,0.965,0.0,3.578
grid,,0.3,0.125,,,0.817,0.0,3.43
grid,,0.3,0.13,,,0.66,0.0,3.17
grid,,0.3,0.135,,,0.49,0.0,2.956
grid,,0.3,0.14,,,0.309,0.0,2.723
