tier,test,n,n_phonetics,group1_hits,group1_n,group1_rate,group0_hits,group0_n,group0_rate,gee_OR,gee_CI95,gee_p_one_sided,gee_p_two_sided,mh_strata,mh_OR,mh_CI95,cmh_p_two_sided,fisher_p_two_sided,verdict,note
identity_pass1,P1 near ~ label | related,220,129,73,141,0.518,23,79,0.291,2.35,1.43-3.86,0.00038,0.00076,37,2.01,0.75-5.39,0.19,0.0012,supports C (same word / minimal derivation),
identity_pass1,S1 MC identical ~ label | related,220,129,54,141,0.383,15,79,0.19,2.57,1.35-4.87,0.0019,0.0039,37,1.57,0.57-4.32,0.39,0.0038,supports C (same word / minimal derivation),
identity_pass1,"S2 near ~ label | related, paronomastic glosses removed",167,105,43,94,0.457,20,73,0.274,2.09,1.18-3.71,0.0059,0.012,22,1.36,0.33-5.66,0.69,0.017,supports C (same word / minimal derivation),
identity_pass1,"S3 near ~ label | related, labels shared with Xiao Xu only",172,103,41,93,0.441,23,79,0.291,1.81,1.04-3.15,0.017,0.034,25,1.24,0.38-4.07,0.73,0.057,supports C (same word / minimal derivation),
identity_pass1,"X3 near ~ label | related, shared and non-paronomastic (exploratory)",139,89,27,66,0.409,20,73,0.274,1.8,0.95-3.42,0.036,0.072,15,1.43,0.29-7.16,0.68,0.11,supports C (same word / minimal derivation),
identity_pass1,S6 near ~ label | coded Y only,42,38,24,38,0.632,0,4,0.0,,,,,,,,,0.027,not estimable (GEE; e.g. complete separation),
identity_pass1,X1 near ~ label | coded E only (exploratory),178,110,49,103,0.476,23,75,0.307,1.8,1.00-3.25,0.025,0.049,26,0.84,0.27-2.63,0.77,0.03,,
identity_pass1,"S8 H2 related ~ label | all coded pairs, X excluded",634,150,141,172,0.82,79,462,0.171,21.57,13.31-34.98,6.5e-36,1.3e-35,101,19.77,10.10-38.69,0,2.3e-52,,
identity_pass1,S9 near ~ related + label: coefficient of label,634,150,81,172,0.471,83,462,0.18,1.98,1.30-3.02,0.00076,0.0015,,,,,6.6e-13,,
identity_pass1,S9 near ~ related + label: coefficient of related,634,150,96,220,0.436,68,414,0.164,2.34,1.51-3.63,7.8e-05,0.00016,,,,,3.3e-13,,
identity_pass1,"X4 near ~ label | related, new items only (exploratory)",189,116,59,116,0.509,21,73,0.288,2.42,1.37-4.25,0.0011,0.0022,26,1.26,0.41-3.90,0.71,0.0039,,
author_adjudicated,P1 near ~ label | related,212,125,70,138,0.507,19,74,0.257,2.73,1.61-4.65,0.0001,0.00021,34,2.26,0.80-6.33,0.13,0.00045,supports C (same word / minimal derivation),
author_adjudicated,S1 MC identical ~ label | related,212,125,50,138,0.362,12,74,0.162,2.93,1.48-5.80,0.001,0.002,34,2.37,0.78-7.20,0.13,0.0025,supports C (same word / minimal derivation),
author_adjudicated,"S2 near ~ label | related, paronomastic glosses removed",160,103,41,92,0.446,16,68,0.235,2.44,1.32-4.52,0.0022,0.0044,19,1.21,0.27-5.34,0.81,0.0075,supports C (same word / minimal derivation),
author_adjudicated,"S3 near ~ label | related, labels shared with Xiao Xu only",165,100,39,91,0.429,19,74,0.257,2.08,1.17-3.71,0.0064,0.013,22,1.1,0.29-4.19,0.89,0.023,supports C (same word / minimal derivation),
author_adjudicated,"X3 near ~ label | related, shared and non-paronomastic (exploratory)",133,87,26,65,0.4,16,68,0.235,2.14,1.08-4.25,0.015,0.03,13,1.24,0.23-6.71,0.81,0.061,supports C (same word / minimal derivation),
author_adjudicated,S6 near ~ label | coded Y only,31,31,17,26,0.654,0,5,0.0,,,,,,,,,0.012,not estimable (GEE; e.g. complete separation),
author_adjudicated,X1 near ~ label | coded E only (exploratory),181,111,53,112,0.473,19,69,0.275,2.14,1.19-3.87,0.0057,0.011,28,1.25,0.41-3.84,0.71,0.012,,
author_adjudicated,"S8 H2 related ~ label | all coded pairs, X excluded",629,150,138,172,0.802,74,457,0.162,20.74,13.02-33.05,1.3e-37,2.7e-37,101,22.82,11.33-45.94,0,3.5e-51,,
author_adjudicated,S9 near ~ related + label: coefficient of label,629,150,81,172,0.471,82,457,0.179,2.25,1.44-3.51,0.00017,0.00034,,,,,1.1e-12,,
author_adjudicated,S9 near ~ related + label: coefficient of related,629,150,89,212,0.42,74,417,0.177,1.91,1.21-3.00,0.0027,0.0054,,,,,2.1e-10,,
author_adjudicated,"X4 near ~ label | related, new items only (exploratory)",181,110,56,113,0.496,17,68,0.25,2.83,1.54-5.20,0.00041,0.00082,25,1.38,0.44-4.31,0.61,0.0016,,
