tier,test,n,n_phonetics,group1_hits,group1_n,group1_rate,group0_hits,group0_n,group0_rate,gee_OR,gee_CI95,gee_p_one_sided,gee_p_one_sided_exact,gee_p_two_sided,mh_strata,mh_OR,mh_CI95,cmh_p_two_sided,fisher_p_two_sided,verdict,note
identity_pass1,P1 near ~ label | related,220,129,73,141,0.518,23,79,0.291,2.35,1.43-3.86,0.00038,0.0003811,0.00076,37,2.01,0.75-5.39,0.19,0.0012,supports C (same word / minimal derivation),
identity_pass1,S1 MC identical ~ label | related,220,129,54,141,0.383,15,79,0.19,2.57,1.35-4.87,0.0019,0.00193,0.0039,37,1.57,0.57-4.32,0.39,0.0038,supports C (same word / minimal derivation),
identity_pass1,"S2 near ~ label | related, paronomastic glosses removed",167,105,43,94,0.457,20,73,0.274,2.09,1.18-3.71,0.0059,0.005867,0.012,22,1.36,0.33-5.66,0.69,0.017,supports C (same word / minimal derivation),
identity_pass1,"S3 near ~ label | related, labels shared with Xiao Xu only",172,103,41,93,0.441,23,79,0.291,1.81,1.04-3.15,0.017,0.01717,0.034,25,1.24,0.38-4.07,0.73,0.057,supports C (same word / minimal derivation),
identity_pass1,"X3 near ~ label | related, shared and non-paronomastic (exploratory)",139,89,27,66,0.409,20,73,0.274,1.8,0.95-3.42,0.036,0.03608,0.072,15,1.43,0.29-7.16,0.68,0.11,supports C (same word / minimal derivation),
identity_pass1,S6 near ~ label | coded Y only,42,38,24,38,0.632,0,4,0.0,,,,,,,,,,0.027,not estimable (GEE; e.g. complete separation),
identity_pass1,X1 near ~ label | coded E only (exploratory),178,110,49,103,0.476,23,75,0.307,1.8,1.00-3.25,0.025,0.02474,0.049,26,0.84,0.27-2.63,0.77,0.03,,
identity_pass1,"S8 H2 related ~ label | all coded pairs, X excluded",634,150,141,172,0.82,79,462,0.171,21.57,13.31-34.98,6.5e-36,6.483e-36,1.3e-35,101,19.77,10.10-38.69,0,2.3e-52,,
identity_pass1,S9 near ~ related + label: coefficient of label,634,150,81,172,0.471,83,462,0.18,1.98,1.30-3.02,0.00076,0.0007606,0.0015,,,,,6.6e-13,,
identity_pass1,S9 near ~ related + label: coefficient of related,634,150,96,220,0.436,68,414,0.164,2.34,1.51-3.63,7.8e-05,7.817e-05,0.00016,,,,,3.3e-13,,
identity_pass1,"X4 near ~ label | related, new items only (exploratory)",189,116,59,116,0.509,21,73,0.288,2.42,1.37-4.25,0.0011,0.001112,0.0022,26,1.26,0.41-3.90,0.71,0.0039,,
second_b3_b6,P1 near ~ label | related,213,126,71,139,0.511,21,74,0.284,2.39,1.38-4.14,0.00089,0.0008862,0.0018,36,2.06,0.77-5.51,0.16,0.0015,supports C (same word / minimal derivation),
second_b3_b6,S1 MC identical ~ label | related,213,126,52,139,0.374,15,74,0.203,2.28,1.20-4.32,0.0058,0.005794,0.012,36,1.84,0.64-5.30,0.26,0.013,supports C (same word / minimal derivation),
second_b3_b6,"S2 near ~ label | related, paronomastic glosses removed",161,104,42,93,0.452,18,68,0.265,2.1,1.13-3.89,0.0096,0.009561,0.019,21,1.26,0.30-5.33,0.76,0.021,supports C (same word / minimal derivation),
second_b3_b6,"S3 near ~ label | related, labels shared with Xiao Xu only",166,102,40,92,0.435,21,74,0.284,1.82,1.01-3.29,0.023,0.02267,0.045,23,1.02,0.29-3.64,0.97,0.053,supports C (same word / minimal derivation),
second_b3_b6,"X3 near ~ label | related, shared and non-paronomastic (exploratory)",133,88,26,65,0.4,18,68,0.265,1.79,0.90-3.60,0.05,0.04971,0.099,14,1.3,0.26-6.63,0.76,0.14,supports C (same word / minimal derivation),
second_b3_b6,S6 near ~ label | coded Y only,38,33,20,33,0.606,0,5,0.0,,,,,,1,inf,nan-nan,0.32,0.017,not estimable (GEE; e.g. complete separation),
second_b3_b6,X1 near ~ label | coded E only (exploratory),175,108,51,106,0.481,21,69,0.304,1.89,1.01-3.55,0.024,0.02363,0.047,28,1.28,0.43-3.81,0.66,0.027,,
second_b3_b6,"S8 H2 related ~ label | all coded pairs, X excluded",630,150,139,172,0.808,74,458,0.162,21.96,13.59-35.48,8.2e-37,8.187e-37,1.6e-36,101,23.64,11.83-47.26,0,3.4e-52,,
second_b3_b6,S9 near ~ related + label: coefficient of label,630,150,81,172,0.471,83,458,0.181,2.03,1.29-3.20,0.0011,0.001079,0.0022,,,,,1.3e-12,,
second_b3_b6,S9 near ~ related + label: coefficient of related,630,150,92,213,0.432,72,417,0.173,2.17,1.38-3.42,0.0004,0.0004038,0.00081,,,,,8.2e-12,,
second_b3_b6,"X4 near ~ label | related, new items only (exploratory)",182,113,57,114,0.5,19,68,0.279,2.46,1.33-4.57,0.0021,0.002115,0.0042,25,1.38,0.45-4.26,0.59,0.005,,
second_b3_only,P1 near ~ label | related,220,128,73,142,0.514,22,78,0.282,2.32,1.42-3.79,0.00041,0.0004125,0.00083,37,1.76,0.63-4.90,0.31,0.001,supports C (same word / minimal derivation),
second_b3_only,S1 MC identical ~ label | related,220,128,54,142,0.38,14,78,0.179,2.68,1.40-5.12,0.0014,0.0014,0.0028,37,1.71,0.58-5.01,0.34,0.0022,supports C (same word / minimal derivation),
second_b3_only,"S2 near ~ label | related, paronomastic glosses removed",168,105,44,96,0.458,19,72,0.264,2.12,1.19-3.76,0.0053,0.005256,0.011,23,1.16,0.26-5.07,0.85,0.011,supports C (same word / minimal derivation),
second_b3_only,"S3 near ~ label | related, labels shared with Xiao Xu only",173,103,42,95,0.442,22,78,0.282,1.84,1.07-3.17,0.013,0.01343,0.027,25,0.95,0.26-3.46,0.95,0.039,supports C (same word / minimal derivation),
second_b3_only,"X3 near ~ label | related, shared and non-paronomastic (exploratory)",140,89,28,68,0.412,19,72,0.264,1.86,0.98-3.52,0.029,0.02873,0.057,16,1.17,0.22-6.26,0.86,0.075,supports C (same word / minimal derivation),
second_b3_only,S6 near ~ label | coded Y only,42,35,23,36,0.639,0,6,0.0,,,,,,1,inf,nan-nan,0.32,0.0052,not estimable (GEE; e.g. complete separation),
second_b3_only,X1 near ~ label | coded E only (exploratory),178,111,50,106,0.472,22,72,0.306,1.73,0.96-3.10,0.034,0.03362,0.067,26,0.81,0.23-2.81,0.75,0.03,,
second_b3_only,"S8 H2 related ~ label | all coded pairs, X excluded",629,150,142,172,0.826,78,457,0.171,22.75,14.00-36.98,9.4e-37,9.384e-37,1.9e-36,101,22.83,11.56-45.11,0,3.4e-53,,
second_b3_only,S9 near ~ related + label: coefficient of label,629,150,81,172,0.471,82,457,0.179,2.02,1.30-3.12,0.0008,0.000801,0.0016,,,,,1.1e-12,,
second_b3_only,S9 near ~ related + label: coefficient of related,629,150,95,220,0.432,68,409,0.166,2.27,1.45-3.56,0.00018,0.000184,0.00037,,,,,1.4e-12,,
second_b3_only,"X4 near ~ label | related, new items only (exploratory)",189,116,59,117,0.504,20,72,0.278,2.43,1.37-4.30,0.0012,0.001192,0.0024,25,1.12,0.34-3.69,0.86,0.0024,,
second_b6_only,P1 near ~ label | related,213,127,71,138,0.514,22,75,0.293,2.4,1.39-4.14,0.00088,0.0008788,0.0018,36,2.31,0.89-5.98,0.096,0.0023,supports C (same word / minimal derivation),
second_b6_only,S1 MC identical ~ label | related,213,127,52,138,0.377,16,75,0.213,2.18,1.16-4.11,0.0078,0.007793,0.016,36,1.68,0.62-4.55,0.31,0.021,supports C (same word / minimal derivation),
second_b6_only,"S2 near ~ label | related, paronomastic glosses removed",160,104,41,91,0.451,19,69,0.275,2.06,1.11-3.80,0.011,0.0109,0.022,20,1.46,0.36-5.91,0.61,0.032,supports C (same word / minimal derivation),
second_b6_only,"S3 near ~ label | related, labels shared with Xiao Xu only",165,102,39,90,0.433,22,75,0.293,1.78,0.98-3.22,0.029,0.02937,0.059,23,1.31,0.41-4.22,0.66,0.076,supports C (same word / minimal derivation),
second_b6_only,"X3 near ~ label | related, shared and non-paronomastic (exploratory)",132,88,25,63,0.397,19,69,0.275,1.72,0.86-3.44,0.063,0.06317,0.13,13,1.57,0.33-7.50,0.59,0.15,indeterminate,
second_b6_only,S6 near ~ label | coded Y only,38,35,21,35,0.6,0,3,0.0,,,,,,,,,,0.081,not estimable (GEE; e.g. complete separation),
second_b6_only,X1 near ~ label | coded E only (exploratory),175,107,50,103,0.485,22,72,0.306,1.99,1.06-3.71,0.016,0.01569,0.031,27,1.27,0.45-3.61,0.66,0.02,,
second_b6_only,"S8 H2 related ~ label | all coded pairs, X excluded",635,150,138,172,0.802,75,463,0.162,20.81,12.90-33.56,7.1e-36,7.104e-36,1.4e-35,101,20.27,10.26-40.06,0,2.2e-51,,
second_b6_only,S9 near ~ related + label: coefficient of label,635,150,81,172,0.471,84,463,0.181,2.0,1.29-3.10,0.001,0.001035,0.0021,,,,,1.3e-12,,
second_b6_only,S9 near ~ related + label: coefficient of related,635,150,93,213,0.437,72,422,0.171,2.24,1.44-3.49,0.00018,0.0001835,0.00037,,,,,2.1e-12,,
second_b6_only,"X4 near ~ label | related, new items only (exploratory)",182,113,57,113,0.504,20,69,0.29,2.43,1.33-4.46,0.0021,0.002061,0.0041,26,1.51,0.52-4.43,0.48,0.0054,,
