tier,test,n,n_phonetics,group1_hits,group1_n,group1_rate,group0_hits,group0_n,group0_rate,gee_OR,gee_CI95,gee_p_one_sided,gee_p_two_sided,gee_cov,mh_strata,mh_OR,mh_CI95,cmh_p_two_sided,fisher_p_two_sided,verdict,note
primary,"P1 near (MC identical or departing-tone alternation) ~ label | pairs coded related (Y/E), pass-1 codes",220,129,73,141,0.518,23,79,0.291,2.35,1.43-3.86,0.00038,0.00076,exchangeable,37,2.01,0.75-5.39,0.19,0.0012,supports C (same word / minimal derivation),"one-sided test of OR > 1; smallest effect of interest OR 2.0; group1 = labelled, group0 = ordinary. Old (v7, 83-pair blind sample, descriptive): 14/25 vs 2/6, Fisher p 0.39 (yisheng_models_v7_checks.csv, related pairs only)"
secondary,"S1 MC identical ~ label | related, pass-1 codes",220,129,54,141,0.383,15,79,0.19,2.57,1.35-4.87,0.0019,0.0039,exchangeable,37,1.57,0.57-4.32,0.39,0.0038,supports C (same word / minimal derivation),old (v7): 9/25 vs 1/6
secondary,"S2 near ~ label | related, paronomastic glosses removed (both groups)",167,105,43,94,0.457,20,73,0.274,2.09,1.18-3.71,0.0059,0.012,exchangeable,22,1.36,0.33-5.66,0.69,0.017,supports C (same word / minimal derivation),
secondary,"S3 near ~ label | related, labels shared with Xiao Xu only (all ordinary kept)",172,103,41,93,0.441,23,79,0.291,1.81,1.04-3.15,0.017,0.034,exchangeable,25,1.24,0.38-4.07,0.73,0.057,supports C (same word / minimal derivation),"definition of v7 Table 7: labelled entries dropped, all ordinary compounds kept"
secondary,"S5 near ~ label | related, pass-2 codes for the new items (original blind codes for the 90 old items)",221,127,70,138,0.507,23,83,0.277,2.44,1.49-3.99,0.00019,0.00038,exchangeable,39,2.6,0.95-7.09,0.071,0.0011,supports C (same word / minimal derivation),
secondary,"S6 near ~ label | pairs coded Y only (strict relatedness), pass-1 codes",42,38,24,38,0.632,0,4,0.0,,,,,,,,,,0.027,not estimable (GEE; e.g. complete separation),guards against residual confounding by true relatedness when E is a noisy proxy
secondary,"S7 near ~ label | related, pairs whose two passes agree on related vs unrelated",197,121,68,132,0.515,18,65,0.277,2.6,1.48-4.57,0.00046,0.00093,exchangeable,31,2.04,0.73-5.67,0.19,0.0021,supports C (same word / minimal derivation),
secondary,"S8 H2 related (Y/E) ~ label | all coded pairs in the MC frame, X excluded, pass-1 codes",634,150,141,172,0.82,79,462,0.171,21.57,13.31-34.98,6.5e-36,1.3e-35,exchangeable,101,19.77,10.10-38.69,0,2.3e-52,,"old: v7 official H2 25/33 vs 6/50, GEE OR 22.0 [7.1, 68.0], p 3.9e-08 (83-pair blind sample; manuscript_checks_output.txt line 65); frame-corrected 25/33 vs 6/46, OR 20.2 [6.56, 62.13] (yisheng_models_v7_checks.csv, blind sample frame)"
secondary,S8b H2 related (Y/E) ~ label | as S8 with pass-2 codes,631,150,138,172,0.802,83,459,0.181,18.07,11.69-27.93,4.4e-39,8.9e-39,exchangeable,100,24.73,12.08-50.65,0,9.1e-48,,
secondary,"S9 near ~ related + label: coefficient of related (meaning-first precondition), pass-1 codes",634,150,96,220,0.436,68,414,0.164,2.34,1.51-3.63,7.8e-05,0.00016,exchangeable,,,,,3.3e-13,,"group1 = related, group0 = unrelated (both groups pooled); old (v7, 79 in-frame pairs, ordinary logit): related OR 10.06 [2.17, 46.58]"
secondary,"S9 near ~ related + label: coefficient of label, pass-1 codes",634,150,81,172,0.471,83,462,0.18,1.98,1.30-3.02,0.00076,0.0015,exchangeable,,,,,6.6e-13,,"old (v7, 79 in-frame pairs, ordinary logit): label OR 1.28 [0.29, 5.55]"
secondary,"S9 near ~ related within labelled pairs, pass-1 codes",172,144,73,141,0.518,8,31,0.258,2.96,1.21-7.21,0.0085,0.017,exchangeable,,,,,0.0098,,"group1 = related, group0 = unrelated; old (v7): 14/25 vs 0/8"
secondary,"S9 near ~ related within ordinary pairs, pass-1 codes",462,107,23,79,0.291,60,383,0.157,2.19,1.32-3.66,0.0013,0.0026,exchangeable,,,,,0.0092,,"group1 = related, group0 = unrelated; old (v7): 2/6 vs 4/40"
exploratory,"X1 near ~ label | pairs coded E only, pass-1 codes (stand-in for S6, which is not estimable)",178,110,49,103,0.476,23,75,0.307,1.8,1.00-3.25,0.025,0.049,exchangeable,26,0.84,0.27-2.63,0.77,0.03,,"added after the first run: S6 has only 4 ordinary pairs coded Y (0 near), so the strength-of-relatedness bias is checked within E instead"
exploratory,"X2 near ~ label + Y: coefficient of label | related, pass-1 codes (adjusts for Y vs E)",220,129,73,141,0.518,23,79,0.291,2.13,1.26-3.63,0.0025,0.0051,exchangeable,,,,,0.0012,,"added after the first run; group1 = labelled, group0 = ordinary"
exploratory,"X3 near ~ label | related, labels shared with Xiao Xu and no paronomastic gloss (v7 core; ordinary without paronomastic gloss)",139,89,27,66,0.409,20,73,0.274,1.8,0.95-3.42,0.036,0.072,exchangeable,15,1.43,0.29-7.16,0.68,0.11,,"added after the first run; S2 and S3 combined, as in the v7 core (92 pairs, not conditioned on relatedness: GEE 1.59 [0.97, 2.61])"
exploratory,"X4 near ~ label | related, the 677 newly coded items only, pass-1 codes",189,116,59,116,0.509,21,73,0.288,2.42,1.37-4.25,0.0011,0.0022,exchangeable,26,1.26,0.41-3.90,0.71,0.0039,,added after the reviewer check (v7_work/review/ext_coding_review.md §2); the 90 original items alone are row X4b
exploratory,"X4b near ~ label | related, the 90 original blind-coded items only (original blind codes)",31,30,14,25,0.56,2,6,0.333,2.57,0.40-16.70,0.16,0.32,exchangeable,,,,,0.39,,"added with X4; old (v7): 14/25 vs 2/6, Fisher p 0.39"
descriptive,"coded related (Y/E), X excluded | all 212 labelled pairs",204,,168,204,0.824,,,,,,,,,,,,,,,X coded: 8
descriptive,"coded related (Y/E), X excluded | labelled pairs without MC readings",32,,27,32,0.844,,,,,,,,,,,,,,,X coded: 3
descriptive,MC category identical | related labelled pairs,141,,54,141,0.383,,,,,,,,,,,,,,,
descriptive,MC category identical | related ordinary pairs,79,,15,79,0.19,,,,,,,,,,,,,,,
descriptive,MC category alt_departing | related labelled pairs,141,,19,141,0.135,,,,,,,,,,,,,,,
descriptive,MC category alt_departing | related ordinary pairs,79,,8,79,0.101,,,,,,,,,,,,,,,
descriptive,MC category alt_other | related labelled pairs,141,,8,141,0.057,,,,,,,,,,,,,,,
descriptive,MC category alt_other | related ordinary pairs,79,,6,79,0.076,,,,,,,,,,,,,,,
descriptive,MC category other | related labelled pairs,141,,60,141,0.426,,,,,,,,,,,,,,,
descriptive,MC category other | related ordinary pairs,79,,50,79,0.633,,,,,,,,,,,,,,,
descriptive,"coded related (Y/E) | MC category identical, labelled and ordinary pooled",115,,69,115,0.6,,,,,,,,,,,,,,,"old (v7): identical 10/13, alt_departing 6/7, alt_other 1/6, other 14/53"
descriptive,"coded related (Y/E) | MC category alt_departing, labelled and ordinary pooled",49,,27,49,0.551,,,,,,,,,,,,,,,"old (v7): identical 10/13, alt_departing 6/7, alt_other 1/6, other 14/53"
descriptive,"coded related (Y/E) | MC category alt_other, labelled and ordinary pooled",61,,14,61,0.23,,,,,,,,,,,,,,,"old (v7): identical 10/13, alt_departing 6/7, alt_other 1/6, other 14/53"
descriptive,"coded related (Y/E) | MC category other, labelled and ordinary pooled",409,,110,409,0.269,,,,,,,,,,,,,,,"old (v7): identical 10/13, alt_departing 6/7, alt_other 1/6, other 14/53"
